z,"Psi(0, z)","Psi(1, z)","Psi(2, z)","Psi(3, z)","Psi(4, z)","Psi(5, z)","Psi(6, z)","Psi(7, z)","E(z)"
-5,2.79918e-06,-1.97932e-05,9.69868e-05,-0.000379786,0.00125875,-0.00364083,0.00936111,-0.0216478,12.5
-4.99,2.94255e-06,-2.07654e-05,0.000101539,-0.000396746,0.00131197,-0.00378565,0.00970871,-0.0223909,12.4501
-4.98,3.09296e-06,-2.1783e-05,0.000106292,-0.000414416,0.00136727,-0.00393572,0.0100679,-0.0231561,12.4002
-4.97,3.25073e-06,-2.28482e-05,0.000111257,-0.000432824,0.00142473,-0.00409123,0.0104389,-0.023944,12.3504
-4.96,3.4162e-06,-2.39629e-05,0.00011644,-0.000451998,0.00148443,-0.00425234,0.0108222,-0.0247551,12.3008
-4.95,3.58973e-06,-2.51294e-05,0.000121852,-0.000471967,0.00154644,-0.00441924,0.011218,-0.02559,12.2513
-4.94,3.77171e-06,-2.635e-05,0.000127502,-0.000492763,0.00161085,-0.0045921,0.0116267,-0.0264493,12.2018
-4.93,3.96251e-06,-2.76269e-05,0.000133399,-0.000514417,0.00167775,-0.00477112,0.0120486,-0.0273334,12.1524
-4.92,4.16255e-06,-2.89627e-05,0.000139553,-0.00053696,0.00174721,-0.00495649,0.0124842,-0.0282429,12.1032
-4.91,4.37225e-06,-3.036e-05,0.000145976,-0.000560428,0.00181933,-0.0051484,0.0129338,-0.0291784,12.0541
-4.9,4.59206e-06,-3.18213e-05,0.000152677,-0.000584855,0.0018942,-0.00534707,0.0133978,-0.0301405,12.005
-4.89,4.82243e-06,-3.33495e-05,0.000159669,-0.000610277,0.00197191,-0.00555269,0.0138765,-0.0311298,11.956
-4.88,5.06386e-06,-3.49475e-05,0.000166963,-0.000636731,0.00205256,-0.00576548,0.0143703,-0.0321468,11.9072
-4.87,5.31683e-06,-3.66182e-05,0.000174571,-0.000664255,0.00213625,-0.00598566,0.0148797,-0.0331921,11.8585
-4.86,5.58189e-06,-3.83648e-05,0.000182506,-0.00069289,0.00222309,-0.00621345,0.0154051,-0.0342664,11.8098
-4.85,5.85958e-06,-4.01905e-05,0.000190781,-0.000722677,0.00231318,-0.00644908,0.0159467,-0.0353702,11.7612
-4.84,6.15047e-06,-4.20987e-05,0.000199409,-0.000753658,0.00240662,-0.00669279,0.0165052,-0.0365042,11.7128
-4.83,6.45515e-06,-4.40929e-05,0.000208404,-0.000785877,0.00250354,-0.00694481,0.0170809,-0.0376689,11.6645
-4.82,6.77425e-06,-4.61767e-05,0.000217782,-0.000819379,0.00260405,-0.0072054,0.0176742,-0.038865,11.6162
-4.81,7.10841e-06,-4.8354e-05,0.000227556,-0.000854212,0.00270826,-0.0074748,0.0182856,-0.040093,11.568
-4.8,7.4583e-06,-5.06286e-05,0.000237744,-0.000890423,0.0028163,-0.00775328,0.0189156,-0.0413538,11.52
-4.79,7.82464e-06,-5.30048e-05,0.00024836,-0.000928063,0.0029283,-0.00804109,0.0195645,-0.0426477,11.472
-4.78,8.20815e-06,-5.54866e-05,0.000259422,-0.000967182,0.00304438,-0.0083385,0.0202329,-0.0439755,11.4242
-4.77,8.6096e-06,-5.80786e-05,0.000270947,-0.00100783,0.00316468,-0.0086458,0.0209213,-0.0453379,11.3764
-4.76,9.02978e-06,-6.07854e-05,0.000282953,-0.00105007,0.00328932,-0.00896326,0.02163,-0.0467354,11.3288
-4.75,9.46952e-06,-6.36116e-05,0.000295459,-0.00109396,0.00341847,-0.00929116,0.0223596,-0.0481687,11.2812
-4.74,9.92968e-06,-6.65623e-05,0.000308484,-0.00113955,0.00355224,-0.00962981,0.0231106,-0.0496384,11.2338
-4.73,1.04112e-05,-6.96426e-05,0.000322048,-0.0011869,0.00369081,-0.00997951,0.0238835,-0.0511452,11.1865
-4.72,1.09149e-05,-7.28579e-05,0.000336171,-0.00123607,0.0038343,-0.0103406,0.0246787,-0.0526896,11.1392
-4.71,1.14419e-05,-7.62136e-05,0.000350875,-0.00128713,0.00398289,-0.0107133,0.0254969,-0.0542725,11.0921
-4.7,1.19931e-05,-7.97155e-05,0.000366183,-0.00134015,0.00413674,-0.0110979,0.0263385,-0.0558943,11.045
-4.69,1.25696e-05,-8.33696e-05,0.000382116,-0.00139519,0.00429599,-0.0114949,0.027204,-0.0575558,10.9981
-4.68,1.31725e-05,-8.71822e-05,0.000398698,-0.00145232,0.00446083,-0.0119046,0.028094,-0.0592575,10.9512
-4.67,1.38029e-05,-9.11595e-05,0.000415955,-0.00151162,0.00463143,-0.0123272,0.029009,-0.0610001,10.9044
-4.66,1.44621e-05,-9.53083e-05,0.000433911,-0.00157316,0.00480796,-0.0127631,0.0299496,-0.0627843,10.8578
-4.65,1.51512e-05,-9.96355e-05,0.000452592,-0.00163701,0.0049906,-0.0132128,0.0309162,-0.0646106,10.8113
-4.64,1.58715e-05,-0.000104148,0.000472025,-0.00170325,0.00517954,-0.0136764,0.0319096,-0.0664797,10.7648
-4.63,1.66245e-05,-0.000108854,0.000492239,-0.00177197,0.00537497,-0.0141545,0.0329301,-0.0683922,10.7184
-4.62,1.74115e-05,-0.000113761,0.000513262,-0.00184325,0.00557709,-0.0146473,0.0339784,-0.0703488,10.6722
-4.61,1.82338e-05,-0.000118876,0.000535124,-0.00191717,0.0057861,-0.0151553,0.0350551,-0.07235,10.6261
-4.6,1.90931e-05,-0.000124208,0.000557856,-0.00199383,0.00600219,-0.0156788,0.0361607,-0.0743964,10.58
-4.59,1.99909e-05,-0.000129766,0.00058149,-0.00207331,0.00622558,-0.0162183,0.0372958,-0.0764886,10.534
-4.58,2.09288e-05,-0.000135558,0.000606057,-0.0021557,0.00645648,-0.016774,0.038461,-0.0786272,10.4882
-4.57,2.19086e-05,-0.000141594,0.000631594,-0.00224111,0.00669512,-0.0173465,0.0396569,-0.0808129,10.4425
-4.56,2.29319e-05,-0.000147883,0.000658133,-0.00232963,0.00694172,-0.0179362,0.0408841,-0.0830461,10.3968
-4.55,2.40006e-05,-0.000154436,0.000685712,-0.00242137,0.0071965,-0.0185434,0.0421431,-0.0853274,10.3512
-4.54,2.51166e-05,-0.000161262,0.000714368,-0.00251642,0.00745971,-0.0191687,0.0434346,-0.0876573,10.3058
-4.53,2.62818e-05,-0.000168372,0.000744139,-0.0026149,0.00773157,-0.0198123,0.0447591,-0.0900365,10.2605
-4.52,2.74984e-05,-0.000175777,0.000775066,-0.00271691,0.00801235,-0.0204748,0.0461173,-0.0924654,10.2152
-4.51,2.87684e-05,-0.000183488,0.000807188,-0.00282257,0.00830228,-0.0211566,0.0475098,-0.0949444,10.17
-4.5,3.00941e-05,-0.000191517,0.000840549,-0.002932,0.00860163,-0.0218582,0.0489371,-0.0974742,10.125
-4.49,3.14777e-05,-0.000199877,0.000875192,-0.00304531,0.00891066,-0.02258,0.0503999,-0.100055,10.0801
-4.48,3.29216e-05,-0.00020858,0.000911161,-0.00316264,0.00922963,-0.0233225,0.0518989,-0.102688,10.0352
-4.47,3.44283e-05,-0.00021764,0.000948504,-0.00328409,0.00955882,-0.0240861,0.0534345,-0.105372,9.99045
-4.46,3.60003e-05,-0.000227068,0.000987268,-0.00340981,0.00989851,-0.0248714,0.0550074,-0.108109,9.9458
-4.45,3.76404e-05,-0.00023688,0.0010275,-0.00353993,0.010249,-0.0256788,0.0566182,-0.110899,9.90125
-4.44,3.93513e-05,-0.000247091,0.00106926,-0.00367457,0.0106105,-0.0265088,0.0582675,-0.113743,9.8568
-4.43,4.11358e-05,-0.000257714,0.00111259,-0.00381389,0.0109834,-0.0273619,0.0599559,-0.11664,9.81245
-4.42,4.29969e-05,-0.000268766,0.00115754,-0.00395803,0.011368,-0.0282386,0.0616841,-0.11959,9.7682
-4.41,4.49377e-05,-0.000280262,0.00120418,-0.00410712,0.0117646,-0.0291393,0.0634526,-0.122595,9.72405
-4.4,4.69615e-05,-0.00029222,0.00125256,-0.00426133,0.0121734,-0.0300648,0.065262,-0.125655,9.68
-4.39,4.90715e-05,-0.000304655,0.00130274,-0.00442081,0.0125949,-0.0310153,0.0671129,-0.128769,9.63605
-4.38,5.12711e-05,-0.000317587,0.00135477,-0.00458571,0.0130293,-0.0319915,0.0690059,-0.131939,9.5922
-4.37,5.3564e-05,-0.000331032,0.00140873,-0.0047562,0.0134769,-0.0329939,0.0709416,-0.135163,9.54845
-4.36,5.59539e-05,-0.00034501,0.00146468,-0.00493245,0.0139382,-0.034023,0.0729205,-0.138443,9.5048
-4.35,5.84445e-05,-0.000359541,0.00152268,-0.00511462,0.0144134,-0.0350793,0.0749432,-0.141779,9.46125
-4.34,6.10399e-05,-0.000374644,0.00158279,-0.00530288,0.014903,-0.0361635,0.0770104,-0.14517,9.4178
-4.33,6.37442e-05,-0.00039034,0.0016451,-0.00549742,0.0154072,-0.037276,0.0791225,-0.148617,9.37445
-4.32,6.65616e-05,-0.000406652,0.00170967,-0.00569843,0.0159264,-0.0384173,0.08128,-0.152119,9.3312
-4.31,6.94966e-05,-0.0004236,0.00177657,-0.00590608,0.016461,-0.0395881,0.0834836,-0.155677,9.28805
-4.3,7.25538e-05,-0.000441208,0.00184589,-0.00612056,0.0170113,-0.0407889,0.0857337,-0.159291,9.245
-4.29,7.57379e-05,-0.0004595,0.0019177,-0.00634208,0.0175778,-0.0420203,0.0880309,-0.162961,9.20205
-4.28,7.90538e-05,-0.000478499,0.00199208,-0.00657083,0.0181609,-0.0432827,0.0903757,-0.166686,9.1592
-4.27,8.25066e-05,-0.000498232,0.00206911,-0.00680702,0.0187608,-0.0445769,0.0927685,-0.170466,9.11645
-4.26,8.61016e-05,-0.000518723,0.00214888,-0.00705086,0.0193781,-0.0459033,0.0952099,-0.174301,9.0738
-4.25,8.98443e-05,-0.000540001,0.00223147,-0.00730255,0.0200131,-0.0472625,0.0977003,-0.178191,9.03125
-4.24,9.37403e-05,-0.000562092,0.00231698,-0.00756233,0.0206663,-0.048655,0.10024,-0.182136,8.9888
-4.23,9.77955e-05,-0.000585024,0.0024055,-0.0078304,0.021338,-0.0500815,0.10283,-0.186135,8.94645
-4.22,0.000102016,-0.000608829,0.00249712,-0.00810701,0.0220287,-0.0515426,0.10547,-0.190188,8.9042
-4.21,0.000106408,-0.000633534,0.00259194,-0.00839238,0.0227388,-0.0530387,0.108161,-0.194294,8.86205
-4.2,0.000110978,-0.000659173,0.00269005,-0.00868675,0.0234687,-0.0545705,0.110903,-0.198453,8.82
-4.19,0.000115732,-0.000685777,0.00279157,-0.00899036,0.0242189,-0.0561385,0.113696,-0.202665,8.77805
-4.18,0.000120678,-0.000713379,0.00289659,-0.00930347,0.0249898,-0.0577434,0.116541,-0.206928,8.7362
-4.17,0.000125823,-0.000742014,0.00300523,-0.00962632,0.0257819,-0.0593856,0.119438,-0.211243,8.69445
-4.16,0.000131174,-0.000771716,0.00311758,-0.00995916,0.0265956,-0.0610657,0.122388,-0.215607,8.6528
-4.15,0.00013674,-0.000802523,0.00323378,-0.0103023,0.0274314,-0.0627844,0.12539,-0.220022,8.61125
-4.14,0.000142527,-0.000834471,0.00335393,-0.0106559,0.0282898,-0.0645421,0.128446,-0.224486,8.5698
-4.13,0.000148544,-0.000867599,0.00347815,-0.0110204,0.0291712,-0.0663394,0.131554,-0.228997,8.52845
-4.12,0.000154799,-0.000901946,0.00360656,-0.0113959,0.0300761,-0.068177,0.134716,-0.233556,8.4872
-4.11,0.000161302,-0.000937554,0.00373929,-0.0117828,0.031005,-0.0700552,0.137931,-0.238161,8.44605
-4.1,0.000168061,-0.000974465,0.00387647,-0.0121814,0.0319583,-0.0719748,0.1412,-0.242811,8.405
-4.09,0.000175086,-0.00101272,0.00401823,-0.0125919,0.0329366,-0.0739361,0.144523,-0.247504,8.36405
-4.08,0.000182387,-0.00105237,0.0041647,-0.0130146,0.0339404,-0.0759398,0.1479,-0.252241,8.3232
-4.07,0.000189972,-0.00109345,0.00431602,-0.0134499,0.0349701,-0.0779864,0.15133,-0.257019,8.28245
-4.06,0.000197854,-0.00113602,0.00447233,-0.0138981,0.0360263,-0.0800764,0.154815,-0.261837,8.2418
-4.05,0.000206042,-0.00118012,0.00463378,-0.0143595,0.0371094,-0.0822103,0.158354,-0.266694,8.20125
-4.04,0.000214547,-0.0012258,0.00480051,-0.0148343,0.03822,-0.0843886,0.161946,-0.271589,8.1608
-4.03,0.000223381,-0.00127311,0.00497268,-0.015323,0.0393586,-0.0866118,0.165592,-0.276519,8.12045
-4.02,0.000232555,-0.00132211,0.00515044,-0.0158259,0.0405257,-0.0888804,0.169292,-0.281484,8.0802
-4.01,0.000242082,-0.00137285,0.00533394,-0.0163432,0.0417218,-0.0911948,0.173045,-0.286481,8.04005
-4,0.000251975,-0.00142538,0.00552336,-0.0168754,0.0429475,-0.0935556,0.176852,-0.29151,8
-3.99,0.000262245,-0.00147977,0.00571885,-0.0174228,0.0442032,-0.0959632,0.180712,-0.296567,7.96005
-3.98,0.000272906,-0.00153607,0.00592059,-0.0179857,0.0454895,-0.098418,0.184624,-0.301652,7.9202
-3.97,0.000283973,-0.00159434,0.00612875,-0.0185645,0.0468069,-0.10092,0.188589,-0.306762,7.88045
-3.96,0.000295458,-0.00165465,0.0063435,-0.0191596,0.0481559,-0.103471,0.192606,-0.311895,7.8408
-3.95,0.000307378,-0.00171706,0.00656503,-0.0197713,0.0495372,-0.10607,0.196675,-0.31705,7.80125
-3.94,0.000319746,-0.00178163,0.00679352,-0.0204,0.0509511,-0.108717,0.200794,-0.322224,7.7618
-3.93,0.000332579,-0.00184843,0.00702916,-0.0210461,0.0523983,-0.111414,0.204965,-0.327415,7.72245
-3.92,0.000345893,-0.00191753,0.00727214,-0.02171,0.0538793,-0.114161,0.209185,-0.33262,7.6832
-3.91,0.000359703,-0.001989,0.00752266,-0.0223921,0.0553945,-0.116957,0.213456,-0.337837,7.64405
-3.9,0.000374027,-0.00206292,0.00778091,-0.0230927,0.0569446,-0.119804,0.217774,-0.343064,7.605
-3.89,0.000388883,-0.00213936,0.00804712,-0.0238123,0.0585301,-0.1227,0.222141,-0.348299,7.56605
-3.88,0.000404288,-0.00221839,0.00832148,-0.0245512,0.0601514,-0.125648,0.226556,-0.353537,7.5272
-3.87,0.000420262,-0.0023001,0.0086042,-0.0253099,0.0618092,-0.128646,0.231017,-0.358778,7.48845
-3.86,0.000436823,-0.00238456,0.00889551,-0.0260888,0.0635039,-0.131696,0.235523,-0.364018,7.4498
-3.85,0.000453991,-0.00247186,0.00919563,-0.0268883,0.065236,-0.134797,0.240075,-0.369255,7.41125
-3.84,0.000471787,-0.00256208,0.00950478,-0.0277088,0.0670062,-0.13795,0.24467,-0.374484,7.3728
-3.83,0.000490232,-0.00265531,0.00982319,-0.0285508,0.0688148,-0.141154,0.249308,-0.379705,7.33445
-3.82,0.000509346,-0.00275164,0.0101511,-0.0294147,0.0706625,-0.14441,0.253987,-0.384912,7.2962
-3.81,0.000529153,-0.00285116,0.0104887,-0.030301,0.0725496,-0.147718,0.258707,-0.390104,7.25805
-3.8,0.000549675,-0.00295396,0.0108364,-0.03121,0.0744768,-0.151077,0.263466,-0.395277,7.22
-3.79,0.000570937,-0.00306015,0.0111942,-0.0321422,0.0764445,-0.154489,0.268263,-0.400428,7.18205
-3.78,0.000592961,-0.00316981,0.0115626,-0.0330981,0.0784533,-0.157953,0.273096,-0.405554,7.1442
-3.77,0.000615773,-0.00328305,0.0119417,-0.0340781,0.0805035,-0.161469,0.277965,-0.41065,7.10645
-3.76,0.000639399,-0.00339997,0.0123317,-0.0350827,0.0825956,-0.165036,0.282867,-0.415715,7.0688
-3.75,0.000663865,-0.00352067,0.0127331,-0.0361124,0.0847302,-0.168655,0.287802,-0.420743,7.03125
-3.74,0.000689198,-0.00364528,0.013146,-0.0371675,0.0869077,-0.172326,0.292767,-0.425732,6.9938
-3.73,0.000715426,-0.00377388,0.0135707,-0.0382487,0.0891286,-0.176049,0.297761,-0.430678,6.95645
-3.72,0.000742578,-0.00390661,0.0140075,-0.0393562,0.0913932,-0.179823,0.302783,-0.435577,6.9192
-3.71,0.000770684,-0.00404357,0.0144567,-0.0404907,0.093702,-0.183647,0.307829,-0.440425,6.88205
-3.7,0.000799773,-0.00418488,0.0149185,-0.0416526,0.0960555,-0.187523,0.312899,-0.445219,6.845
-3.69,0.000829877,-0.00433067,0.0153934,-0.0428423,0.0984541,-0.191449,0.317991,-0.449955,6.80805
-3.68,0.000861029,-0.00448106,0.0158815,-0.0440604,0.100898,-0.195425,0.323103,-0.454628,6.7712
-3.67,0.00089326,-0.00463617,0.0163831,-0.0453073,0.103388,-0.199451,0.328231,-0.459235,6.73445
-3.66,0.000926606,-0.00479613,0.0168986,-0.0465835,0.105924,-0.203526,0.333376,-0.463772,6.6978
-3.65,0.0009611,-0.00496108,0.0174283,-0.0478895,0.108506,-0.207649,0.338533,-0.468235,6.66125
-3.64,0.000996778,-0.00513115,0.0179726,-0.0492257,0.111136,-0.211821,0.343701,-0.472618,6.6248
-3.63,0.00103368,-0.00530648,0.0185316,-0.0505928,0.113813,-0.216041,0.348878,-0.47692,6.58845
-3.62,0.00107184,-0.00548721,0.0191058,-0.0519911,0.116537,-0.220308,0.354061,-0.481134,6.5522
-3.61,0.00111129,-0.00567349,0.0196955,-0.0534211,0.119309,-0.224621,0.359248,-0.485257,6.51605
-3.6,0.00115208,-0.00586546,0.020301,-0.0548834,0.122129,-0.228979,0.364436,-0.489284,6.48
-3.59,0.00119426,-0.00606327,0.0209227,-0.0563783,0.124998,-0.233383,0.369623,-0.493212,6.44405
-3.58,0.00123785,-0.00626707,0.0215608,-0.0579065,0.127915,-0.23783,0.374805,-0.497035,6.4082
-3.57,0.0012829,-0.00647703,0.0222158,-0.0594683,0.130881,-0.242321,0.37998,-0.50075,6.37245
-3.56,0.00132946,-0.0066933,0.0228881,-0.0610644,0.133896,-0.246854,0.385146,-0.504352,6.3368
-3.55,0.00137757,-0.00691604,0.0235779,-0.062695,0.13696,-0.251428,0.390299,-0.507837,6.30125
-3.54,0.00142728,-0.00714543,0.0242856,-0.0643608,0.140073,-0.256043,0.395437,-0.5112,6.2658
-3.53,0.00147864,-0.00738163,0.0250116,-0.0660622,0.143236,-0.260697,0.400556,-0.514437,6.23045
-3.52,0.00153169,-0.00762481,0.0257563,-0.0677996,0.146449,-0.265389,0.405654,-0.517543,6.1952
-3.51,0.00158649,-0.00787515,0.02652,-0.0695736,0.149711,-0.270118,0.410726,-0.520514,6.16005
-3.5,0.00164308,-0.00813283,0.0273031,-0.0713846,0.153023,-0.274882,0.415771,-0.523345,6.125
-3.49,0.00170152,-0.00839804,0.028106,-0.0732331,0.156384,-0.279681,0.420785,-0.526033,6.09005
-3.48,0.00176186,-0.00867095,0.0289291,-0.0751195,0.159796,-0.284513,0.425764,-0.528572,6.0552
-3.47,0.00182417,-0.00895177,0.0297728,-0.0770444,0.163257,-0.289376,0.430705,-0.530959,6.02045
-3.46,0.00188848,-0.00924068,0.0306374,-0.079008,0.166767,-0.29427,0.435605,-0.533188,5.9858
-3.45,0.00195487,-0.00953787,0.0315234,-0.0810109,0.170328,-0.299192,0.44046,-0.535256,5.95125
-3.44,0.00202339,-0.00984356,0.0324311,-0.0830536,0.173937,-0.304141,0.445267,-0.537159,5.9168
-3.43,0.0020941,-0.010158,0.033361,-0.0851364,0.177596,-0.309115,0.450022,-0.538891,5.88245
-3.42,0.00216706,-0.0104812,0.0343135,-0.0872597,0.181304,-0.314113,0.454721,-0.540449,5.8482
-3.41,0.00224235,-0.0108136,0.0352889,-0.0894241,0.185061,-0.319133,0.459361,-0.541828,5.81405
-3.4,0.00232001,-0.0111554,0.0362878,-0.0916298,0.188867,-0.324173,0.463938,-0.543024,5.78
-3.39,0.00240013,-0.0115067,0.0373104,-0.0938773,0.192721,-0.329231,0.468448,-0.544034,5.74605
-3.38,0.00248276,-0.0118677,0.0383573,-0.096167,0.196623,-0.334306,0.472888,-0.544853,5.7122
-3.37,0.00256799,-0.0122388,0.0394288,-0.0984992,0.200572,-0.339394,0.477253,-0.545477,5.67845
-3.36,0.00265587,-0.0126201,0.0405254,-0.100874,0.204569,-0.344495,0.48154,-0.545903,5.6448
-3.35,0.00274649,-0.0130118,0.0416475,-0.103293,0.208613,-0.349606,0.485744,-0.546125,5.61125
-3.34,0.00283991,-0.0134142,0.0427955,-0.105755,0.212703,-0.354724,0.489862,-0.546142,5.5778
-3.33,0.00293622,-0.0138276,0.0439698,-0.108261,0.216839,-0.359848,0.493889,-0.545949,5.54445
-3.32,0.00303549,-0.0142522,0.0451709,-0.110811,0.22102,-0.364975,0.497822,-0.545542,5.5112
-3.31,0.0031378,-0.0146882,0.0463992,-0.113406,0.225246,-0.370103,0.501657,-0.544918,5.47805
-3.3,0.00324324,-0.0151359,0.0476551,-0.116045,0.229516,-0.375229,0.505389,-0.544074,5.445
-3.29,0.00335188,-0.0155955,0.0489391,-0.11873,0.233829,-0.380351,0.509015,-0.543006,5.41205
-3.28,0.00346382,-0.0160674,0.0502516,-0.12146,0.238185,-0.385467,0.51253,-0.541711,5.3792
-3.27,0.00357914,-0.0165517,0.0515931,-0.124236,0.242583,-0.390573,0.515929,-0.540187,5.34645
-3.26,0.00369793,-0.0170487,0.0529639,-0.127058,0.247022,-0.395667,0.51921,-0.53843,5.3138
-3.25,0.00382028,-0.0175587,0.0543645,-0.129926,0.251501,-0.400746,0.522368,-0.536437,5.28125
-3.24,0.00394628,-0.018082,0.0557954,-0.13284,0.25602,-0.405808,0.525398,-0.534207,5.2488
-3.23,0.00407603,-0.0186189,0.0572569,-0.135801,0.260576,-0.41085,0.528297,-0.531736,5.21645
-3.22,0.00420962,-0.0191696,0.0587496,-0.138808,0.26517,-0.415868,0.53106,-0.529022,5.1842
-3.21,0.00434716,-0.0197345,0.0602738,-0.141862,0.269801,-0.42086,0.533684,-0.526063,5.15205
-3.2,0.00448874,-0.0203137,0.0618299,-0.144962,0.274466,-0.425822,0.536163,-0.522858,5.12
-3.19,0.00463447,-0.0209077,0.0634185,-0.14811,0.279166,-0.430753,0.538495,-0.519403,5.08805
-3.18,0.00478446,-0.0215167,0.0650399,-0.151305,0.283898,-0.435647,0.540675,-0.515698,5.0562
-3.17,0.0049388,-0.0221409,0.0666945,-0.154547,0.288662,-0.440503,0.542698,-0.51174,5.02445
-3.16,0.00509762,-0.0227808,0.0683828,-0.157836,0.293457,-0.445318,0.544561,-0.50753,4.9928
-3.15,0.00526101,-0.0234366,0.0701052,-0.161172,0.29828,-0.450087,0.546261,-0.503065,4.96125
-3.14,0.0054291,-0.0241086,0.0718621,-0.164555,0.30313,-0.454807,0.547792,-0.498344,4.9298
-3.13,0.005602,-0.0247972,0.0736539,-0.167986,0.308007,-0.459476,0.549151,-0.493368,4.89845
-3.12,0.00577982,-0.0255026,0.0754811,-0.171463,0.312908,-0.464089,0.550334,-0.488134,4.8672
-3.11,0.0059627,-0.0262252,0.077344,-0.174987,0.317833,-0.468644,0.551337,-0.482644,4.83605
-3.1,0.00615074,-0.0269652,0.079243,-0.178558,0.322778,-0.473136,0.552157,-0.476896,4.805
-3.09,0.00634408,-0.0277231,0.0811786,-0.182176,0.327744,-0.477563,0.55279,-0.470892,4.77405
-3.08,0.00654285,-0.0284992,0.083151,-0.18584,0.332727,-0.48192,0.553232,-0.464631,4.7432
-3.07,0.00674717,-0.0292937,0.0851608,-0.18955,0.337726,-0.486204,0.553479,-0.458113,4.71245
-3.06,0.00695717,-0.0301071,0.0872083,-0.193306,0.34274,-0.490412,0.553529,-0.45134,4.6818
-3.05,0.00717299,-0.0309396,0.0892938,-0.197108,0.347766,-0.494539,0.553378,-0.444313,4.65125
-3.04,0.00739477,-0.0317917,0.0914177,-0.200955,0.352803,-0.498583,0.553021,-0.437033,4.6208
-3.03,0.00762264,-0.0326635,0.0935805,-0.204847,0.357848,-0.502539,0.552457,-0.429501,4.59045
-3.02,0.00785675,-0.0335556,0.0957823,-0.208784,0.3629,-0.506403,0.551682,-0.421719,4.5602
-3.01,0.00809724,-0.0344682,0.0980236,-0.212765,0.367956,-0.510172,0.550693,-0.41369,4.53005
-3,0.00834425,-0.0354017,0.100305,-0.21679,0.373015,-0.513843,0.549487,-0.405414,4.5
-2.99,0.00859794,-0.0363564,0.102626,-0.220858,0.378073,-0.51741,0.548062,-0.396895,4.47005
-2.98,0.00885846,-0.0373327,0.104988,-0.22497,0.383129,-0.520871,0.546413,-0.388136,4.4402
-2.97,0.00912596,-0.038331,0.10739,-0.229123,0.38818,-0.524222,0.54454,-0.37914,4.41045
-2.96,0.00940059,-0.0393516,0.109833,-0.233318,0.393225,-0.527458,0.542439,-0.369909,4.3808
-2.95,0.00968253,-0.0403948,0.112318,-0.237555,0.39826,-0.530576,0.540108,-0.360447,4.35125
-2.94,0.00997192,-0.0414611,0.114844,-0.241831,0.403283,-0.533572,0.537545,-0.350758,4.3218
-2.93,0.0102689,-0.0425508,0.117413,-0.246148,0.408292,-0.536443,0.534748,-0.340847,4.29245
-2.92,0.0105737,-0.0436643,0.120023,-0.250503,0.413284,-0.539184,0.531715,-0.330717,4.2632
-2.91,0.0108865,-0.0448019,0.122675,-0.254897,0.418257,-0.541792,0.528444,-0.320372,4.23405
-2.9,0.0112074,-0.0459639,0.125371,-0.259328,0.423207,-0.544262,0.524934,-0.309819,4.205
-2.89,0.0115366,-0.0471509,0.128108,-0.263796,0.428132,-0.546592,0.521182,-0.299061,4.17605
-2.88,0.0118743,-0.0483631,0.130889,-0.268299,0.433029,-0.548776,0.517189,-0.288105,4.1472
-2.87,0.0122206,-0.0496009,0.133713,-0.272837,0.437896,-0.550813,0.512952,-0.276955,4.11845
-2.86,0.0125758,-0.0508646,0.13658,-0.277409,0.442729,-0.552697,0.50847,-0.265618,4.0898
-2.85,0.01294,-0.0521548,0.139491,-0.282014,0.447527,-0.554425,0.503744,-0.2541,4.06125
-2.84,0.0133134,-0.0534716,0.142445,-0.28665,0.452284,-0.555994,0.498772,-0.242407,4.0328
-2.83,0.0136963,-0.0548155,0.145443,-0.291317,0.457,-0.557399,0.493554,-0.230546,4.00445
-2.82,0.0140887,-0.0561869,0.148485,-0.296013,0.46167,-0.558638,0.488089,-0.218524,3.9762
-2.81,0.0144909,-0.0575861,0.15157,-0.300737,0.466292,-0.559707,0.482378,-0.206348,3.94805
-2.8,0.0149032,-0.0590135,0.1547,-0.305488,0.470863,-0.560602,0.476421,-0.194026,3.92
-2.79,0.0153256,-0.0604694,0.157873,-0.310265,0.475378,-0.561319,0.470218,-0.181564,3.89205
-2.78,0.0157584,-0.0619543,0.16109,-0.315067,0.479836,-0.561857,0.46377,-0.168972,3.8642
-2.77,0.0162018,-0.0634685,0.164351,-0.319891,0.484233,-0.56221,0.457078,-0.156256,3.83645
-2.76,0.016656,-0.0650123,0.167656,-0.324737,0.488566,-0.562376,0.450142,-0.143427,3.8088
-2.75,0.0171213,-0.0665862,0.171005,-0.329602,0.492831,-0.562353,0.442963,-0.130491,3.78125
-2.74,0.0175978,-0.0681904,0.174398,-0.334487,0.497025,-0.562135,0.435544,-0.117458,3.7538
-2.73,0.0180857,-0.0698254,0.177835,-0.339388,0.501146,-0.561722,0.427886,-0.104338,3.72645
-2.72,0.0185853,-0.0714915,0.181315,-0.344305,0.505188,-0.561109,0.41999,-0.0911381,3.6992
-2.71,0.0190968,-0.073189,0.184839,-0.349235,0.50915,-0.560294,0.411859,-0.0778694,3.67205
-2.7,0.0196205,-0.0749183,0.188406,-0.354177,0.513027,-0.559275,0.403495,-0.0645411,3.645
-2.69,0.0201564,-0.0766797,0.192016,-0.35913,0.516817,-0.558048,0.394901,-0.0511631,3.61805
-2.68,0.020705,-0.0784737,0.195669,-0.364091,0.520515,-0.556611,0.386079,-0.0377454,3.5912
-2.67,0.0212663,-0.0803004,0.199365,-0.369059,0.524119,-0.554961,0.377033,-0.0242982,3.56445
-2.66,0.0218406,-0.0821603,0.203103,-0.374031,0.527625,-0.553097,0.367765,-0.0108318,3.5378
-2.65,0.0224283,-0.0840537,0.206883,-0.379007,0.531029,-0.551015,0.35828,0.00264308,3.51125
-2.64,0.0230294,-0.0859809,0.210705,-0.383983,0.534329,-0.548714,0.34858,0.0161159,3.4848
-2.63,0.0236443,-0.0879422,0.214569,-0.388958,0.537519,-0.546193,0.33867,0.0295757,3.45845
-2.62,0.0242732,-0.089938,0.218474,-0.39393,0.540598,-0.543448,0.328554,0.0430116,3.4322
-2.61,0.0249163,-0.0919685,0.222419,-0.398896,0.543562,-0.540478,0.318237,0.0564125,3.40605
-2.6,0.0255739,-0.0940341,0.226405,-0.403855,0.546406,-0.537282,0.307722,0.0697673,3.38
-2.59,0.0262462,-0.0961351,0.230431,-0.408804,0.549128,-0.533859,0.297016,0.0830645,3.35405
-2.58,0.0269336,-0.0982717,0.234496,-0.413742,0.551724,-0.530206,0.286123,0.0962928,3.3282
-2.57,0.0276361,-0.100444,0.2386,-0.418665,0.554191,-0.526323,0.275048,0.109441,3.30245
-2.56,0.0283541,-0.102653,0.242742,-0.423571,0.556525,-0.522209,0.263797,0.122497,3.2768
-2.55,0.0290879,-0.104898,0.246922,-0.428459,0.558723,-0.517862,0.252377,0.13545,3.25125
-2.54,0.0298377,-0.10718,0.251139,-0.433325,0.560782,-0.513283,0.240792,0.148287,3.2258
-2.53,0.0306038,-0.109499,0.255392,-0.438168,0.562697,-0.50847,0.22905,0.160998,3.20045
-2.52,0.0313863,-0.111855,0.259682,-0.442984,0.564467,-0.503423,0.217156,0.17357,3.1752
-2.51,0.0321857,-0.114249,0.264006,-0.447772,0.566086,-0.498142,0.205119,0.185992,3.15005
-2.5,0.0330022,-0.11668,0.268365,-0.452528,0.567553,-0.492627,0.192943,0.198253,3.125
-2.49,0.0338359,-0.11915,0.272757,-0.45725,0.568864,-0.486878,0.180638,0.21034,3.10005
-2.48,0.0346873,-0.121657,0.277182,-0.461936,0.570016,-0.480896,0.16821,0.222242,3.0752
-2.47,0.0355565,-0.124203,0.281638,-0.466582,0.571005,-0.47468,0.155666,0.233947,3.05045
-2.46,0.0364439,-0.126787,0.286126,-0.471187,0.571828,-0.468232,0.143015,0.245444,3.0258
-2.45,0.0373496,-0.12941,0.290644,-0.475746,0.572483,-0.461552,0.130265,0.256721,3.00125
-2.44,0.0382741,-0.132072,0.295191,-0.480259,0.572967,-0.454641,0.117424,0.267767,2.9768
-2.43,0.0392175,-0.134772,0.299766,-0.484721,0.573276,-0.447501,0.1045,0.278572,2.95245
-2.42,0.0401801,-0.137512,0.304368,-0.48913,0.573407,-0.440133,0.0915018,0.289122,2.9282
-2.41,0.0411623,-0.140292,0.308997,-0.493483,0.573358,-0.432539,0.0784383,0.299409,2.90405
-2.4,0.0421643,-0.14311,0.31365,-0.497777,0.573126,-0.42472,0.0653184,0.30942,2.88
-2.39,0.0431863,-0.145968,0.318327,-0.502009,0.572709,-0.416678,0.0521512,0.319145,2.85605
-2.38,0.0442287,-0.148866,0.323027,-0.506177,0.572103,-0.408416,0.038946,0.328574,2.8322
-2.37,0.0452917,-0.151803,0.327748,-0.510277,0.571306,-0.399937,0.0257123,0.337697,2.80845
-2.36,0.0463756,-0.154781,0.33249,-0.514307,0.570317,-0.391242,0.0124596,0.346502,2.7848
-2.35,0.0474807,-0.157797,0.33725,-0.518263,0.569131,-0.382334,-0.000802396,0.354981,2.76125
-2.34,0.0486073,-0.160854,0.342028,-0.522142,0.567748,-0.373217,-0.0140637,0.363123,2.7378
-2.33,0.0497556,-0.163951,0.346822,-0.525942,0.566164,-0.363894,-0.0273145,0.370919,2.71445
-2.32,0.050926,-0.167087,0.351631,-0.52966,0.564378,-0.354369,-0.0405446,0.378361,2.6912
-2.31,0.0521186,-0.170263,0.356454,-0.533291,0.562389,-0.344644,-0.0537437,0.385438,2.66805
-2.3,0.0533339,-0.173479,0.361289,-0.536834,0.560193,-0.334724,-0.0669017,0.392143,2.645
-2.29,0.0545721,-0.176734,0.366134,-0.540285,0.557789,-0.324613,-0.0800081,0.398468,2.62205
-2.28,0.0558334,-0.18003,0.370988,-0.543641,0.555176,-0.314315,-0.0930524,0.404403,2.5992
-2.27,0.0571182,-0.183365,0.375849,-0.546899,0.552351,-0.303835,-0.106024,0.409943,2.57645
-2.26,0.0584267,-0.186739,0.380716,-0.550057,0.549315,-0.293177,-0.118913,0.415078,2.5538
-2.25,0.0597592,-0.190153,0.385587,-0.55311,0.546064,-0.282346,-0.131707,0.419803,2.53125
-2.24,0.0611159,-0.193605,0.390461,-0.556056,0.542599,-0.271348,-0.144397,0.424111,2.5088
-2.23,0.0624973,-0.197097,0.395335,-0.558892,0.538917,-0.260188,-0.156972,0.427996,2.48645
-2.22,0.0639034,-0.200628,0.400208,-0.561614,0.535018,-0.24887,-0.169421,0.431451,2.4642
-2.21,0.0653347,-0.204198,0.405078,-0.56422,0.530902,-0.237402,-0.181733,0.434472,2.44205
-2.2,0.0667913,-0.207806,0.409944,-0.566707,0.526567,-0.225788,-0.193898,0.437053,2.42
-2.19,0.0682736,-0.211452,0.414803,-0.569071,0.522013,-0.214036,-0.205904,0.439191,2.39805
-2.18,0.0697818,-0.215136,0.419654,-0.57131,0.517239,-0.20215,-0.217742,0.44088,2.3762
-2.17,0.0713161,-0.218858,0.424494,-0.57342,0.512246,-0.190139,-0.2294,0.442118,2.35445
-2.16,0.072877,-0.222617,0.429322,-0.5754,0.507033,-0.178007,-0.240867,0.442901,2.3328
-2.15,0.0744645,-0.226414,0.434135,-0.577244,0.501601,-0.165763,-0.252134,0.443225,2.31125
-2.14,0.076079,-0.230247,0.438932,-0.578952,0.495948,-0.153413,-0.26319,0.443091,2.2898
-2.13,0.0777208,-0.234116,0.443711,-0.580519,0.490077,-0.140965,-0.274024,0.442494,2.26845
-2.12,0.07939,-0.238022,0.448469,-0.581944,0.483987,-0.128426,-0.284626,0.441434,2.2472
-2.11,0.081087,-0.241963,0.453205,-0.583222,0.477678,-0.115803,-0.294987,0.439911,2.22605
-2.1,0.082812,-0.245939,0.457915,-0.584352,0.471153,-0.103104,-0.305095,0.437924,2.205
-2.09,0.0845652,-0.24995,0.462599,-0.585331,0.464411,-0.0903376,-0.314941,0.435473,2.18405
-2.08,0.0863469,-0.253995,0.467253,-0.586156,0.457454,-0.0775111,-0.324515,0.432559,2.1632
-2.07,0.0881573,-0.258074,0.471876,-0.586824,0.450284,-0.0646329,-0.333807,0.429183,2.14245
-2.06,0.0899967,-0.262186,0.476465,-0.587332,0.442901,-0.0517113,-0.342809,0.425348,2.1218
-2.05,0.0918652,-0.26633,0.481018,-0.587679,0.435307,-0.0387547,-0.351511,0.421055,2.10125
-2.04,0.0937632,-0.270507,0.485533,-0.587861,0.427505,-0.0257718,-0.359903,0.416308,2.0808
-2.03,0.0956909,-0.274714,0.490007,-0.587877,0.419496,-0.0127713,-0.367977,0.411109,2.06045
-2.02,0.0976484,-0.278953,0.494438,-0.587723,0.411282,0.000237927,-0.375725,0.405463,2.0402
-2.01,0.0996359,-0.283222,0.498823,-0.587398,0.402866,0.013247,-0.383137,0.399375,2.02005
-2,0.101654,-0.28752,0.503161,-0.586898,0.39425,0.0262469,-0.390207,0.392848,2
-1.99,0.103702,-0.291847,0.507448,-0.586223,0.385437,0.0392284,-0.396925,0.38589,1.98005
-1.98,0.105781,-0.296202,0.511682,-0.58537,0.376429,0.0521823,-0.403284,0.378506,1.9602
-1.97,0.107891,-0.300585,0.515862,-0.584336,0.367231,0.0650992,-0.409277,0.370702,1.94045
-1.96,0.110032,-0.304994,0.519983,-0.58312,0.357844,0.0779697,-0.414897,0.362487,1.9208
-1.95,0.112204,-0.309428,0.524044,-0.58172,0.348273,0.0907845,-0.420137,0.353866,1.90125
-1.94,0.114408,-0.313887,0.528043,-0.580134,0.338521,0.103534,-0.42499,0.34485,1.8818
-1.93,0.116644,-0.318371,0.531976,-0.57836,0.328592,0.116208,-0.429451,0.335446,1.86245
-1.92,0.118911,-0.322877,0.535841,-0.576396,0.318489,0.128798,-0.433514,0.325664,1.8432
-1.91,0.12121,-0.327406,0.539636,-0.574242,0.308217,0.141294,-0.437173,0.315514,1.82405
-1.9,0.123541,-0.331955,0.543358,-0.571895,0.297781,0.153686,-0.440423,0.305005,1.805
-1.89,0.125904,-0.336525,0.547005,-0.569354,0.287183,0.165964,-0.44326,0.294149,1.78605
-1.88,0.1283,-0.341114,0.550573,-0.566619,0.27643,0.178119,-0.445679,0.282957,1.7672
-1.87,0.130729,-0.345722,0.554061,-0.563687,0.265526,0.190141,-0.447676,0.271441,1.74845
-1.86,0.133189,-0.350347,0.557465,-0.560557,0.254476,0.202021,-0.449247,0.259612,1.7298
-1.85,0.135683,-0.354987,0.560784,-0.557229,0.243284,0.213748,-0.450391,0.247484,1.71125
-1.84,0.13821,-0.359643,0.564014,-0.553701,0.231957,0.225313,-0.451102,0.23507,1.6928
-1.83,0.140769,-0.364313,0.567153,-0.549974,0.2205,0.236706,-0.45138,0.222382,1.67445
-1.82,0.143362,-0.368995,0.570199,-0.546045,0.208918,0.247919,-0.451223,0.209435,1.6562
-1.81,0.145988,-0.373689,0.573148,-0.541916,0.197218,0.25894,-0.450628,0.196244,1.63805
-1.8,0.148647,-0.378393,0.575998,-0.537584,0.185404,0.269762,-0.449595,0.182822,1.62
-1.79,0.151339,-0.383106,0.578747,-0.533051,0.173484,0.280375,-0.448124,0.169186,1.60205
-1.78,0.154065,-0.387827,0.581392,-0.528315,0.161463,0.290769,-0.446213,0.15535,1.5842
-1.77,0.156824,-0.392555,0.583931,-0.523376,0.149348,0.300935,-0.443864,0.14133,1.56645
-1.76,0.159616,-0.397288,0.58636,-0.518236,0.137146,0.310864,-0.441077,0.127143,1.5488
-1.75,0.162442,-0.402024,0.588678,-0.512893,0.124862,0.320548,-0.437853,0.112804,1.53125
-1.74,0.165302,-0.406763,0.590882,-0.507348,0.112504,0.329978,-0.434194,0.0983306,1.5138
-1.73,0.168195,-0.411504,0.59297,-0.501601,0.10008,0.339144,-0.430102,0.0837395,1.49645
-1.72,0.171121,-0.416244,0.594938,-0.495654,0.0875947,0.348039,-0.42558,0.0690478,1.4792
-1.71,0.174081,-0.420982,0.596785,-0.489506,0.0750569,0.356654,-0.42063,0.0542731,1.46205
-1.7,0.177075,-0.425717,0.598508,-0.483159,0.0624735,0.364981,-0.415257,0.0394328,1.445
-1.69,0.180102,-0.430447,0.600105,-0.476613,0.0498519,0.373012,-0.409464,0.0245447,1.42805
-1.68,0.183162,-0.435171,0.601573,-0.46987,0.0371997,0.380739,-0.403256,0.00962692,1.4112
-1.67,0.186256,-0.439888,0.60291,-0.46293,0.0245245,0.388155,-0.396637,-0.00530262,1.39445
-1.66,0.189383,-0.444595,0.604114,-0.455796,0.0118341,0.395252,-0.389613,-0.0202257,1.3778
-1.65,0.192544,-0.449291,0.605182,-0.448468,-0.000863679,0.402023,-0.38219,-0.035124,1.36125
-1.64,0.195737,-0.453975,0.606112,-0.440948,-0.0135609,0.408462,-0.374374,-0.0499791,1.3448
-1.63,0.198964,-0.458645,0.606903,-0.433238,-0.0262496,0.414561,-0.366173,-0.0647728,1.32845
-1.62,0.202223,-0.463299,0.607551,-0.42534,-0.0389216,0.420314,-0.357593,-0.0794864,1.3122
-1.61,0.205516,-0.467936,0.608055,-0.417256,-0.0515688,0.425715,-0.348641,-0.0941018,1.29605
-1.6,0.208841,-0.472553,0.608412,-0.408988,-0.0641829,0.430759,-0.339327,-0.1086,1.28
-1.59,0.212199,-0.47715,0.608621,-0.400539,-0.0767557,0.435439,-0.329659,-0.122964,1.26405
-1.58,0.215589,-0.481724,0.60868,-0.39191,-0.0892789,0.43975,-0.319645,-0.137174,1.2482
-1.57,0.219011,-0.486274,0.608586,-0.383105,-0.101744,0.443687,-0.309296,-0.151213,1.23245
-1.56,0.222466,-0.490798,0.608338,-0.374126,-0.114142,0.447245,-0.298621,-0.165062,1.2168
-1.55,0.225952,-0.495294,0.607933,-0.364976,-0.126466,0.45042,-0.287631,-0.178703,1.20125
-1.54,0.22947,-0.49976,0.607371,-0.355659,-0.138706,0.453208,-0.276335,-0.19212,1.1858
-1.53,0.23302,-0.504196,0.606649,-0.346177,-0.150855,0.455605,-0.264746,-0.205294,1.17045
-1.52,0.2366,-0.508597,0.605766,-0.336533,-0.162902,0.457608,-0.252875,-0.218208,1.1552
-1.51,0.240212,-0.512964,0.60472,-0.326732,-0.174841,0.459213,-0.240734,-0.230845,1.14005
-1.5,0.243855,-0.517294,0.60351,-0.316777,-0.186662,0.460417,-0.228334,-0.243189,1.125
-1.49,0.247528,-0.521585,0.602133,-0.306671,-0.198358,0.461219,-0.215689,-0.255222,1.11005
-1.48,0.251231,-0.525836,0.600589,-0.296418,-0.209919,0.461616,-0.202812,-0.26693,1.0952
-1.47,0.254964,-0.530043,0.598877,-0.286023,-0.221336,0.461606,-0.189715,-0.278295,1.08045
-1.46,0.258727,-0.534207,0.596994,-0.27549,-0.232603,0.461188,-0.176413,-0.289304,1.0658
-1.45,0.262519,-0.538324,0.59494,-0.264822,-0.24371,0.460361,-0.162919,-0.29994,1.05125
-1.44,0.26634,-0.542392,0.592714,-0.254025,-0.254648,0.459125,-0.149248,-0.310189,1.0368
-1.43,0.270189,-0.546411,0.590315,-0.243103,-0.265411,0.457478,-0.135413,-0.320037,1.02245
-1.42,0.274067,-0.550377,0.58774,-0.23206,-0.275988,0.455423,-0.121431,-0.329471,1.0082
-1.41,0.277973,-0.554289,0.584991,-0.220902,-0.286373,0.452958,-0.107315,-0.338477,0.99405
-1.4,0.281906,-0.558145,0.582065,-0.209633,-0.296558,0.450085,-0.0930802,-0.347042,0.98
-1.39,0.285866,-0.561943,0.578963,-0.198258,-0.306533,0.446805,-0.0787431,-0.355156,0.96605
-1.38,0.289853,-0.565681,0.575683,-0.186783,-0.316292,0.443119,-0.064319,-0.362805,0.9522
-1.37,0.293866,-0.569357,0.572224,-0.175212,-0.325826,0.439031,-0.0498234,-0.369979,0.93845
-1.36,0.297904,-0.572969,0.568587,-0.163552,-0.335128,0.434543,-0.0352725,-0.376667,0.9248
-1.35,0.301969,-0.576515,0.564771,-0.151808,-0.344191,0.429657,-0.0206822,-0.38286,0.91125
-1.34,0.306057,-0.579993,0.560775,-0.139985,-0.353007,0.424376,-0.00606884,-0.388549,0.8978
-1.33,0.310171,-0.583401,0.5566,-0.128089,-0.361568,0.418705,0.00855133,-0.393725,0.88445
-1.32,0.314308,-0.586738,0.552245,-0.116126,-0.369868,0.412648,0.0231619,-0.39838,0.8712
-1.31,0.318468,-0.590001,0.54771,-0.104103,-0.377899,0.406208,0.0377464,-0.402507,0.85805
-1.3,0.322652,-0.593188,0.542995,-0.0920238,-0.385655,0.399391,0.0522883,-0.406099,0.845
-1.29,0.326857,-0.596297,0.5381,-0.0798961,-0.39313,0.392203,0.066771,-0.40915,0.83205
-1.28,0.331084,-0.599326,0.533026,-0.0677258,-0.400316,0.384649,0.0811781,-0.411656,0.8192
-1.27,0.335333,-0.602274,0.527773,-0.0555191,-0.407207,0.376734,0.0954929,-0.413613,0.80645
-1.26,0.339601,-0.605139,0.522341,-0.0432826,-0.413797,0.368466,0.109699,-0.415015,0.7938
-1.25,0.34389,-0.607918,0.51673,-0.0310227,-0.420081,0.359851,0.12378,-0.415861,0.78125
-1.24,0.348199,-0.61061,0.510942,-0.0187459,-0.426052,0.350896,0.137719,-0.416148,0.7688
-1.23,0.352525,-0.613212,0.504978,-0.00645884,-0.431706,0.34161,0.151501,-0.415875,0.75645
-1.22,0.35687,-0.615723,0.498837,0.00583173,-0.437036,0.331999,0.165108,-0.415041,0.7442
-1.21,0.361233,-0.618141,0.492521,0.0181191,-0.442038,0.322073,0.178526,-0.413647,0.73205
-1.2,0.365612,-0.620464,0.48603,0.0303964,-0.446707,0.311839,0.191737,-0.411692,0.72
-1.19,0.370007,-0.622691,0.479367,0.0426568,-0.451038,0.301308,0.204727,-0.40918,0.70805
-1.18,0.374418,-0.624818,0.472532,0.0548934,-0.455027,0.290487,0.21748,-0.406111,0.6962
-1.17,0.378843,-0.626846,0.465527,0.0670992,-0.45867,0.279388,0.22998,-0.402491,0.68445
-1.16,0.383283,-0.628771,0.458352,0.0792673,-0.461963,0.26802,0.242213,-0.398321,0.6728
-1.15,0.387735,-0.630592,0.45101,0.0913905,-0.464902,0.256392,0.254163,-0.393608,0.66125
-1.14,0.3922,-0.632307,0.443502,0.103462,-0.467485,0.244517,0.265817,-0.388356,0.6498
-1.13,0.396677,-0.633914,0.43583,0.115474,-0.469707,0.232405,0.27716,-0.382573,0.63845
-1.12,0.401165,-0.635413,0.427996,0.12742,-0.471567,0.220066,0.288178,-0.376264,0.6272
-1.11,0.405663,-0.6368,0.420001,0.139293,-0.473062,0.207514,0.298857,-0.369438,0.61605
-1.1,0.41017,-0.638075,0.411849,0.151086,-0.474189,0.194758,0.309185,-0.362104,0.605
-1.09,0.414686,-0.639236,0.40354,0.162791,-0.474947,0.181812,0.319148,-0.354271,0.59405
-1.08,0.41921,-0.640281,0.395077,0.174402,-0.475333,0.168688,0.328735,-0.345948,0.5832
-1.07,0.423741,-0.641209,0.386463,0.185911,-0.475348,0.155397,0.337932,-0.337146,0.57245
-1.06,0.428278,-0.642017,0.3777,0.197311,-0.474989,0.141954,0.346729,-0.327878,0.5618
-1.05,0.43282,-0.642705,0.368791,0.208595,-0.474256,0.12837,0.355114,-0.318155,0.55125
-1.04,0.437367,-0.643272,0.359737,0.219756,-0.473148,0.114659,0.363077,-0.307989,0.5408
-1.03,0.441917,-0.643714,0.350543,0.230787,-0.471666,0.100835,0.370607,-0.297395,0.53045
-1.02,0.44647,-0.644032,0.341211,0.241681,-0.469809,0.0869103,0.377694,-0.286387,0.5202
-1.01,0.451025,-0.644224,0.331744,0.252431,-0.467579,0.0728991,0.38433,-0.274979,0.51005
-1,0.455581,-0.644288,0.322144,0.26303,-0.464975,0.0588152,0.390505,-0.263186,0.5
-0.99,0.460136,-0.644224,0.312416,0.273471,-0.461999,0.0446725,0.396212,-0.251025,0.49005
-0.98,0.464691,-0.644029,0.302562,0.283747,-0.458653,0.030485,0.401443,-0.238512,0.4802
-0.97,0.469244,-0.643703,0.292586,0.293852,-0.454939,0.0162669,0.40619,-0.225665,0.47045
-0.96,0.473794,-0.643244,0.282491,0.30378,-0.450857,0.00203252,0.410448,-0.2125,0.4608
-0.95,0.47834,-0.642652,0.272281,0.313522,-0.446411,-0.012204,0.41421,-0.199036,0.45125
-0.94,0.482882,-0.641925,0.26196,0.323073,-0.441604,-0.0264281,0.417471,-0.185291,0.4418
-0.93,0.487418,-0.641062,0.251531,0.332427,-0.436439,-0.0406255,0.420226,-0.171285,0.43245
-0.92,0.491948,-0.640062,0.240997,0.341577,-0.430918,-0.0547817,0.422471,-0.157037,0.4232
-0.91,0.49647,-0.638924,0.230364,0.350516,-0.425047,-0.0688824,0.424203,-0.142566,0.41405
-0.9,0.500983,-0.637648,0.219634,0.35924,-0.418827,-0.0829129,0.425418,-0.127894,0.405
-0.89,0.505487,-0.636232,0.208813,0.367741,-0.412265,-0.096859,0.426115,-0.11304,0.39605
-0.88,0.509981,-0.634675,0.197903,0.376013,-0.405365,-0.110706,0.426292,-0.0980252,0.3872
-0.87,0.514463,-0.632977,0.18691,0.384052,-0.398131,-0.12444,0.425948,-0.0828713,0.37845
-0.86,0.518932,-0.631137,0.175838,0.39185,-0.390569,-0.138047,0.425082,-0.0675993,0.3698
-0.85,0.523388,-0.629155,0.164691,0.399404,-0.382684,-0.151512,0.423695,-0.052231,0.36125
-0.84,0.527829,-0.627029,0.153473,0.406707,-0.374483,-0.164821,0.421788,-0.0367881,0.3528
-0.83,0.532255,-0.62476,0.142189,0.413753,-0.365971,-0.17796,0.419363,-0.0212926,0.34445
-0.82,0.536664,-0.622346,0.130844,0.420539,-0.357155,-0.190916,0.416421,-0.0057667,0.3362
-0.81,0.541056,-0.619787,0.119443,0.427059,-0.348041,-0.203675,0.412966,0.00976749,0.32805
-0.8,0.545429,-0.617083,0.107989,0.433307,-0.338637,-0.216223,0.409001,0.0252877,0.32
-0.79,0.549783,-0.614233,0.096489,0.43928,-0.32895,-0.228548,0.404531,0.0407715,0.31205
-0.78,0.554115,-0.611237,0.0849463,0.444974,-0.318988,-0.240635,0.399561,0.0561968,0.3042
-0.77,0.558426,-0.608095,0.0733663,0.450382,-0.308758,-0.252472,0.394095,0.0715412,0.29645
-0.76,0.562715,-0.604807,0.061754,0.455502,-0.298268,-0.264046,0.38814,0.0867825,0.2888
-0.75,0.566979,-0.601372,0.0501144,0.46033,-0.287527,-0.275345,0.381703,0.101899,0.28125
-0.74,0.571219,-0.597791,0.0384525,0.464861,-0.276544,-0.286357,0.374792,0.116868,0.2738
-0.73,0.575433,-0.594063,0.0267735,0.469092,-0.265326,-0.29707,0.367413,0.131668,0.26645
-0.72,0.57962,-0.590189,0.0150826,0.47302,-0.253885,-0.307471,0.359577,0.146278,0.2592
-0.71,0.583779,-0.586168,0.00338491,0.476642,-0.242227,-0.317551,0.351292,0.160676,0.25205
-0.7,0.587909,-0.582001,-0.00831429,0.479954,-0.230364,-0.327297,0.342568,0.174841,0.245
-0.69,0.59201,-0.577687,-0.0200097,0.482953,-0.218306,-0.336699,0.333416,0.188752,0.23805
-0.68,0.596079,-0.573228,-0.0316961,0.485637,-0.206061,-0.345747,0.323846,0.202389,0.2312
-0.67,0.600116,-0.568624,-0.0433682,0.488004,-0.19364,-0.35443,0.31387,0.215732,0.22445
-0.66,0.60412,-0.563874,-0.0550204,0.490051,-0.181053,-0.36274,0.3035,0.228761,0.2178
-0.65,0.60809,-0.55898,-0.0666476,0.491777,-0.168312,-0.370666,0.292749,0.241457,0.21125
-0.64,0.612025,-0.553942,-0.0782443,0.493179,-0.155426,-0.3782,0.28163,0.253801,0.2048
-0.63,0.615924,-0.54876,-0.089805,0.494256,-0.142406,-0.385334,0.270156,0.265775,0.19845
-0.62,0.619785,-0.543435,-0.101324,0.495006,-0.129264,-0.39206,0.258342,0.277361,0.1922
-0.61,0.623609,-0.537969,-0.112797,0.495429,-0.116011,-0.398369,0.246202,0.288541,0.18605
-0.6,0.627393,-0.53236,-0.124217,0.495524,-0.102658,-0.404255,0.233751,0.2993,0.18
-0.59,0.631137,-0.526612,-0.13558,0.49529,-0.0892157,-0.40971,0.221005,0.30962,0.17405
-0.58,0.63484,-0.520724,-0.14688,0.494727,-0.0756965,-0.41473,0.207979,0.319487,0.1682
-0.57,0.638501,-0.514697,-0.158111,0.493833,-0.0621117,-0.419307,0.194689,0.328885,0.16245
-0.56,0.642118,-0.508532,-0.169268,0.492611,-0.048473,-0.423436,0.181153,0.337801,0.1568
-0.55,0.645692,-0.502231,-0.180346,0.491058,-0.0347923,-0.427113,0.167388,0.34622,0.15125
-0.54,0.649221,-0.495794,-0.19134,0.489177,-0.0210812,-0.430334,0.153409,0.354131,0.1458
-0.53,0.652703,-0.489223,-0.202243,0.486968,-0.00735187,-0.433093,0.139236,0.361521,0.14045
-0.52,0.656139,-0.482519,-0.213051,0.484432,0.00638391,-0.435388,0.124886,0.368379,0.1352
-0.51,0.659527,-0.475683,-0.223758,0.481569,0.0201141,-0.437216,0.110376,0.374695,0.13005
-0.5,0.662866,-0.468717,-0.234359,0.478382,0.0338267,-0.438575,0.0957263,0.380458,0.125
-0.49,0.666155,-0.461622,-0.244848,0.474872,0.0475098,-0.439462,0.0809543,0.38566,0.12005
-0.48,0.669394,-0.4544,-0.255221,0.471042,0.0611512,-0.439877,0.0660791,0.390293,0.1152
-0.47,0.672581,-0.447052,-0.265473,0.466892,0.074739,-0.439817,0.0511195,0.394349,0.11045
-0.46,0.675716,-0.439579,-0.275597,0.462426,0.0882611,-0.439284,0.0360945,0.397823,0.1058
-0.45,0.678797,-0.431984,-0.285589,0.457646,0.101706,-0.438277,0.0210234,0.400709,0.10125
-0.44,0.681825,-0.424268,-0.295445,0.452555,0.115061,-0.436796,0.00592546,0.403001,0.0968
-0.43,0.684797,-0.416433,-0.305158,0.447156,0.128315,-0.434844,-0.00918011,0.404697,0.09245
-0.42,0.687714,-0.408481,-0.314725,0.441452,0.141455,-0.432421,-0.0242739,0.405794,0.0882
-0.41,0.690574,-0.400414,-0.32414,0.435447,0.154471,-0.429531,-0.0393366,0.406289,0.08405
-0.4,0.693376,-0.392233,-0.333398,0.429144,0.167351,-0.426175,-0.0543488,0.406182,0.08
-0.39,0.696121,-0.383941,-0.342495,0.422548,0.180082,-0.422357,-0.0692912,0.405471,0.07605
-0.38,0.698806,-0.375539,-0.351425,0.415663,0.192655,-0.418081,-0.0841446,0.404159,0.0722
-0.37,0.701431,-0.36703,-0.360186,0.408492,0.205056,-0.413352,-0.0988899,0.402247,0.06845
-0.36,0.703996,-0.358416,-0.368771,0.401042,0.217276,-0.408173,-0.113508,0.399737,0.0648
-0.35,0.7065,-0.3497,-0.377176,0.393315,0.229303,-0.40255,-0.12798,0.396632,0.06125
-0.34,0.708941,-0.340882,-0.385397,0.385319,0.241127,-0.39649,-0.142287,0.392938,0.0578
-0.33,0.71132,-0.331966,-0.39343,0.377057,0.252736,-0.389999,-0.156411,0.388658,0.05445
-0.32,0.713636,-0.322955,-0.401271,0.368535,0.264121,-0.383082,-0.170333,0.3838,0.0512
-0.31,0.715887,-0.313849,-0.408915,0.359759,0.275271,-0.375748,-0.184036,0.37837,0.04805
-0.3,0.718074,-0.304653,-0.416359,0.350735,0.286176,-0.368005,-0.197501,0.372377,0.045
-0.29,0.720196,-0.295368,-0.423598,0.341468,0.296825,-0.35986,-0.210711,0.365828,0.04205
-0.28,0.722251,-0.285997,-0.43063,0.331966,0.30721,-0.351322,-0.223649,0.358734,0.0392
-0.27,0.72424,-0.276542,-0.437449,0.322233,0.317321,-0.342401,-0.236298,0.351104,0.03645
-0.26,0.726162,-0.267006,-0.444052,0.312277,0.327149,-0.333105,-0.248642,0.342951,0.0338
-0.25,0.728016,-0.257392,-0.450437,0.302105,0.336685,-0.323446,-0.260664,0.334285,0.03125
-0.24,0.729802,-0.247703,-0.456599,0.291723,0.345919,-0.313432,-0.272349,0.32512,0.0288
-0.23,0.731519,-0.23794,-0.462536,0.281139,0.354845,-0.303076,-0.283682,0.31547,0.02645
-0.22,0.733166,-0.228108,-0.468243,0.270359,0.363452,-0.292388,-0.294647,0.305347,0.0242
-0.21,0.734744,-0.218208,-0.473719,0.259392,0.371735,-0.281379,-0.305231,0.294769,0.02205
-0.2,0.736252,-0.208244,-0.47896,0.248244,0.379685,-0.270063,-0.315419,0.283749,0.02
-0.19,0.737689,-0.198218,-0.483964,0.236923,0.387294,-0.258451,-0.325199,0.272306,0.01805
-0.18,0.739055,-0.188133,-0.488727,0.225438,0.394557,-0.246555,-0.334557,0.260454,0.0162
-0.17,0.74035,-0.177992,-0.493248,0.213795,0.401465,-0.234389,-0.343481,0.248213,0.01445
-0.16,0.741572,-0.167799,-0.497523,0.202003,0.408014,-0.221965,-0.351959,0.235601,0.0128
-0.15,0.742723,-0.157555,-0.501551,0.190071,0.414196,-0.209298,-0.359982,0.222635,0.01125
-0.14,0.7438,-0.147265,-0.505329,0.178005,0.420006,-0.196402,-0.367537,0.209337,0.0098
-0.13,0.744805,-0.136931,-0.508856,0.165816,0.42544,-0.183289,-0.374615,0.195724,0.00845
-0.12,0.745737,-0.126556,-0.512129,0.153511,0.430491,-0.169976,-0.381206,0.181819,0.0072
-0.11,0.746595,-0.116143,-0.515147,0.141098,0.435155,-0.156476,-0.387303,0.167641,0.00605
-0.1,0.747379,-0.105695,-0.517907,0.128587,0.439429,-0.142804,-0.392897,0.153212,0.005
-0.09,0.74809,-0.0952163,-0.52041,0.115986,0.443307,-0.128974,-0.39798,0.138553,0.00405
-0.08,0.748726,-0.0847087,-0.522652,0.103304,0.446786,-0.115004,-0.402547,0.123686,0.0032
-0.07,0.749288,-0.0741757,-0.524634,0.0905495,0.449864,-0.100906,-0.40659,0.108634,0.00245
-0.06,0.749775,-0.0636205,-0.526354,0.0777319,0.452538,-0.0866981,-0.410105,0.0934195,0.0018
-0.05,0.750187,-0.0530462,-0.52781,0.0648598,0.454804,-0.0723946,-0.413087,0.0780646,0.00125
-0.04,0.750525,-0.0424561,-0.529003,0.0519424,0.456661,-0.0580114,-0.415533,0.0625926,0.0008
-0.03,0.750788,-0.0318532,-0.529931,0.0389887,0.458107,-0.0435645,-0.417438,0.0470268,0.00045
-0.02,0.750975,-0.0212408,-0.530595,0.0260076,0.459141,-0.0290696,-0.418801,0.0313904,0.0002
-0.01,0.751088,-0.010622,-0.530993,0.0130084,0.459762,-0.0145428,-0.419619,0.015707,5e-05
0,0.751126,0,-0.531126,-0,0.459969,0,-0.419892,-0,0
0.01,0.751088,0.010622,-0.530993,-0.0130084,0.459762,0.0145428,-0.419619,-0.015707,5e-05
0.02,0.750975,0.0212408,-0.530595,-0.0260076,0.459141,0.0290696,-0.418801,-0.0313904,0.0002
0.03,0.750788,0.0318532,-0.529931,-0.0389887,0.458107,0.0435645,-0.417438,-0.0470268,0.00045
0.04,0.750525,0.0424561,-0.529003,-0.0519424,0.456661,0.0580114,-0.415533,-0.0625926,0.0008
0.05,0.750187,0.0530462,-0.52781,-0.0648598,0.454804,0.0723946,-0.413087,-0.0780646,0.00125
0.06,0.749775,0.0636205,-0.526354,-0.0777319,0.452538,0.0866981,-0.410105,-0.0934195,0.0018
0.07,0.749288,0.0741757,-0.524634,-0.0905495,0.449864,0.100906,-0.40659,-0.108634,0.00245
0.08,0.748726,0.0847087,-0.522652,-0.103304,0.446786,0.115004,-0.402547,-0.123686,0.0032
0.09,0.74809,0.0952163,-0.52041,-0.115986,0.443307,0.128974,-0.39798,-0.138553,0.00405
0.1,0.747379,0.105695,-0.517907,-0.128587,0.439429,0.142804,-0.392897,-0.153212,0.005
0.11,0.746595,0.116143,-0.515147,-0.141098,0.435155,0.156476,-0.387303,-0.167641,0.00605
0.12,0.745737,0.126556,-0.512129,-0.153511,0.430491,0.169976,-0.381206,-0.181819,0.0072
0.13,0.744805,0.136931,-0.508856,-0.165816,0.42544,0.183289,-0.374615,-0.195724,0.00845
0.14,0.7438,0.147265,-0.505329,-0.178005,0.420006,0.196402,-0.367537,-0.209337,0.0098
0.15,0.742723,0.157555,-0.501551,-0.190071,0.414196,0.209298,-0.359982,-0.222635,0.01125
0.16,0.741572,0.167799,-0.497523,-0.202003,0.408014,0.221965,-0.351959,-0.235601,0.0128
0.17,0.74035,0.177992,-0.493248,-0.213795,0.401465,0.234389,-0.343481,-0.248213,0.01445
0.18,0.739055,0.188133,-0.488727,-0.225438,0.394557,0.246555,-0.334557,-0.260454,0.0162
0.19,0.737689,0.198218,-0.483964,-0.236923,0.387294,0.258451,-0.325199,-0.272306,0.01805
0.2,0.736252,0.208244,-0.47896,-0.248244,0.379685,0.270063,-0.315419,-0.283749,0.02
0.21,0.734744,0.218208,-0.473719,-0.259392,0.371735,0.281379,-0.305231,-0.294769,0.02205
0.22,0.733166,0.228108,-0.468243,-0.270359,0.363452,0.292388,-0.294647,-0.305347,0.0242
0.23,0.731519,0.23794,-0.462536,-0.281139,0.354845,0.303076,-0.283682,-0.31547,0.02645
0.24,0.729802,0.247703,-0.456599,-0.291723,0.345919,0.313432,-0.272349,-0.32512,0.0288
0.25,0.728016,0.257392,-0.450437,-0.302105,0.336685,0.323446,-0.260664,-0.334285,0.03125
0.26,0.726162,0.267006,-0.444052,-0.312277,0.327149,0.333105,-0.248642,-0.342951,0.0338
0.27,0.72424,0.276542,-0.437449,-0.322233,0.317321,0.342401,-0.236298,-0.351104,0.03645
0.28,0.722251,0.285997,-0.43063,-0.331966,0.30721,0.351322,-0.223649,-0.358734,0.0392
0.29,0.720196,0.295368,-0.423598,-0.341468,0.296825,0.35986,-0.210711,-0.365828,0.04205
0.3,0.718074,0.304653,-0.416359,-0.350735,0.286176,0.368005,-0.197501,-0.372377,0.045
0.31,0.715887,0.313849,-0.408915,-0.359759,0.275271,0.375748,-0.184036,-0.37837,0.04805
0.32,0.713636,0.322955,-0.401271,-0.368535,0.264121,0.383082,-0.170333,-0.3838,0.0512
0.33,0.71132,0.331966,-0.39343,-0.377057,0.252736,0.389999,-0.156411,-0.388658,0.05445
0.34,0.708941,0.340882,-0.385397,-0.385319,0.241127,0.39649,-0.142287,-0.392938,0.0578
0.35,0.7065,0.3497,-0.377176,-0.393315,0.229303,0.40255,-0.12798,-0.396632,0.06125
0.36,0.703996,0.358416,-0.368771,-0.401042,0.217276,0.408173,-0.113508,-0.399737,0.0648
0.37,0.701431,0.36703,-0.360186,-0.408492,0.205056,0.413352,-0.0988899,-0.402247,0.06845
0.38,0.698806,0.375539,-0.351425,-0.415663,0.192655,0.418081,-0.0841446,-0.404159,0.0722
0.39,0.696121,0.383941,-0.342495,-0.422548,0.180082,0.422357,-0.0692912,-0.405471,0.07605
0.4,0.693376,0.392233,-0.333398,-0.429144,0.167351,0.426175,-0.0543488,-0.406182,0.08
0.41,0.690574,0.400414,-0.32414,-0.435447,0.154471,0.429531,-0.0393366,-0.406289,0.08405
0.42,0.687714,0.408481,-0.314725,-0.441452,0.141455,0.432421,-0.0242739,-0.405794,0.0882
0.43,0.684797,0.416433,-0.305158,-0.447156,0.128315,0.434844,-0.00918011,-0.404697,0.09245
0.44,0.681825,0.424268,-0.295445,-0.452555,0.115061,0.436796,0.00592546,-0.403001,0.0968
0.45,0.678797,0.431984,-0.285589,-0.457646,0.101706,0.438277,0.0210234,-0.400709,0.10125
0.46,0.675716,0.439579,-0.275597,-0.462426,0.0882611,0.439284,0.0360945,-0.397823,0.1058
0.47,0.672581,0.447052,-0.265473,-0.466892,0.074739,0.439817,0.0511195,-0.394349,0.11045
0.48,0.669394,0.4544,-0.255221,-0.471042,0.0611512,0.439877,0.0660791,-0.390293,0.1152
0.49,0.666155,0.461622,-0.244848,-0.474872,0.0475098,0.439462,0.0809543,-0.38566,0.12005
0.5,0.662866,0.468717,-0.234359,-0.478382,0.0338267,0.438575,0.0957263,-0.380458,0.125
0.51,0.659527,0.475683,-0.223758,-0.481569,0.0201141,0.437216,0.110376,-0.374695,0.13005
0.52,0.656139,0.482519,-0.213051,-0.484432,0.00638391,0.435388,0.124886,-0.368379,0.1352
0.53,0.652703,0.489223,-0.202243,-0.486968,-0.00735187,0.433093,0.139236,-0.361521,0.14045
0.54,0.649221,0.495794,-0.19134,-0.489177,-0.0210812,0.430334,0.153409,-0.354131,0.1458
0.55,0.645692,0.502231,-0.180346,-0.491058,-0.0347923,0.427113,0.167388,-0.34622,0.15125
0.56,0.642118,0.508532,-0.169268,-0.492611,-0.048473,0.423436,0.181153,-0.337801,0.1568
0.57,0.638501,0.514697,-0.158111,-0.493833,-0.0621117,0.419307,0.194689,-0.328885,0.16245
0.58,0.63484,0.520724,-0.14688,-0.494727,-0.0756965,0.41473,0.207979,-0.319487,0.1682
0.59,0.631137,0.526612,-0.13558,-0.49529,-0.0892157,0.40971,0.221005,-0.30962,0.17405
0.6,0.627393,0.53236,-0.124217,-0.495524,-0.102658,0.404255,0.233751,-0.2993,0.18
0.61,0.623609,0.537969,-0.112797,-0.495429,-0.116011,0.398369,0.246202,-0.288541,0.18605
0.62,0.619785,0.543435,-0.101324,-0.495006,-0.129264,0.39206,0.258342,-0.277361,0.1922
0.63,0.615924,0.54876,-0.089805,-0.494256,-0.142406,0.385334,0.270156,-0.265775,0.19845
0.64,0.612025,0.553942,-0.0782443,-0.493179,-0.155426,0.3782,0.28163,-0.253801,0.2048
0.65,0.60809,0.55898,-0.0666476,-0.491777,-0.168312,0.370666,0.292749,-0.241457,0.21125
0.66,0.60412,0.563874,-0.0550204,-0.490051,-0.181053,0.36274,0.3035,-0.228761,0.2178
0.67,0.600116,0.568624,-0.0433682,-0.488004,-0.19364,0.35443,0.31387,-0.215732,0.22445
0.68,0.596079,0.573228,-0.0316961,-0.485637,-0.206061,0.345747,0.323846,-0.202389,0.2312
0.69,0.59201,0.577687,-0.0200097,-0.482953,-0.218306,0.336699,0.333416,-0.188752,0.23805
0.7,0.587909,0.582001,-0.00831429,-0.479954,-0.230364,0.327297,0.342568,-0.174841,0.245
0.71,0.583779,0.586168,0.00338491,-0.476642,-0.242227,0.317551,0.351292,-0.160676,0.25205
0.72,0.57962,0.590189,0.0150826,-0.47302,-0.253885,0.307471,0.359577,-0.146278,0.2592
0.73,0.575433,0.594063,0.0267735,-0.469092,-0.265326,0.29707,0.367413,-0.131668,0.26645
0.74,0.571219,0.597791,0.0384525,-0.464861,-0.276544,0.286357,0.374792,-0.116868,0.2738
0.75,0.566979,0.601372,0.0501144,-0.46033,-0.287527,0.275345,0.381703,-0.101899,0.28125
0.76,0.562715,0.604807,0.061754,-0.455502,-0.298268,0.264046,0.38814,-0.0867825,0.2888
0.77,0.558426,0.608095,0.0733663,-0.450382,-0.308758,0.252472,0.394095,-0.0715412,0.29645
0.78,0.554115,0.611237,0.0849463,-0.444974,-0.318988,0.240635,0.399561,-0.0561968,0.3042
0.79,0.549783,0.614233,0.096489,-0.43928,-0.32895,0.228548,0.404531,-0.0407715,0.31205
0.8,0.545429,0.617083,0.107989,-0.433307,-0.338637,0.216223,0.409001,-0.0252877,0.32
0.81,0.541056,0.619787,0.119443,-0.427059,-0.348041,0.203675,0.412966,-0.00976749,0.32805
0.82,0.536664,0.622346,0.130844,-0.420539,-0.357155,0.190916,0.416421,0.0057667,0.3362
0.83,0.532255,0.62476,0.142189,-0.413753,-0.365971,0.17796,0.419363,0.0212926,0.34445
0.84,0.527829,0.627029,0.153473,-0.406707,-0.374483,0.164821,0.421788,0.0367881,0.3528
0.85,0.523388,0.629155,0.164691,-0.399404,-0.382684,0.151512,0.423695,0.052231,0.36125
0.86,0.518932,0.631137,0.175838,-0.39185,-0.390569,0.138047,0.425082,0.0675993,0.3698
0.87,0.514463,0.632977,0.18691,-0.384052,-0.398131,0.12444,0.425948,0.0828713,0.37845
0.88,0.509981,0.634675,0.197903,-0.376013,-0.405365,0.110706,0.426292,0.0980252,0.3872
0.89,0.505487,0.636232,0.208813,-0.367741,-0.412265,0.096859,0.426115,0.11304,0.39605
0.9,0.500983,0.637648,0.219634,-0.35924,-0.418827,0.0829129,0.425418,0.127894,0.405
0.91,0.49647,0.638924,0.230364,-0.350516,-0.425047,0.0688824,0.424203,0.142566,0.41405
0.92,0.491948,0.640062,0.240997,-0.341577,-0.430918,0.0547817,0.422471,0.157037,0.4232
0.93,0.487418,0.641062,0.251531,-0.332427,-0.436439,0.0406255,0.420226,0.171285,0.43245
0.94,0.482882,0.641925,0.26196,-0.323073,-0.441604,0.0264281,0.417471,0.185291,0.4418
0.95,0.47834,0.642652,0.272281,-0.313522,-0.446411,0.012204,0.41421,0.199036,0.45125
0.96,0.473794,0.643244,0.282491,-0.30378,-0.450857,-0.00203252,0.410448,0.2125,0.4608
0.97,0.469244,0.643703,0.292586,-0.293852,-0.454939,-0.0162669,0.40619,0.225665,0.47045
0.98,0.464691,0.644029,0.302562,-0.283747,-0.458653,-0.030485,0.401443,0.238512,0.4802
0.99,0.460136,0.644224,0.312416,-0.273471,-0.461999,-0.0446725,0.396212,0.251025,0.49005
1,0.455581,0.644288,0.322144,-0.26303,-0.464975,-0.0588152,0.390505,0.263186,0.5
1.01,0.451025,0.644224,0.331744,-0.252431,-0.467579,-0.0728991,0.38433,0.274979,0.51005
1.02,0.44647,0.644032,0.341211,-0.241681,-0.469809,-0.0869103,0.377694,0.286387,0.5202
1.03,0.441917,0.643714,0.350543,-0.230787,-0.471666,-0.100835,0.370607,0.297395,0.53045
1.04,0.437367,0.643272,0.359737,-0.219756,-0.473148,-0.114659,0.363077,0.307989,0.5408
1.05,0.43282,0.642705,0.368791,-0.208595,-0.474256,-0.12837,0.355114,0.318155,0.55125
1.06,0.428278,0.642017,0.3777,-0.197311,-0.474989,-0.141954,0.346729,0.327878,0.5618
1.07,0.423741,0.641209,0.386463,-0.185911,-0.475348,-0.155397,0.337932,0.337146,0.57245
1.08,0.41921,0.640281,0.395077,-0.174402,-0.475333,-0.168688,0.328735,0.345948,0.5832
1.09,0.414686,0.639236,0.40354,-0.162791,-0.474947,-0.181812,0.319148,0.354271,0.59405
1.1,0.41017,0.638075,0.411849,-0.151086,-0.474189,-0.194758,0.309185,0.362104,0.605
1.11,0.405663,0.6368,0.420001,-0.139293,-0.473062,-0.207514,0.298857,0.369438,0.61605
1.12,0.401165,0.635413,0.427996,-0.12742,-0.471567,-0.220066,0.288178,0.376264,0.6272
1.13,0.396677,0.633914,0.43583,-0.115474,-0.469707,-0.232405,0.27716,0.382573,0.63845
1.14,0.3922,0.632307,0.443502,-0.103462,-0.467485,-0.244517,0.265817,0.388356,0.6498
1.15,0.387735,0.630592,0.45101,-0.0913905,-0.464902,-0.256392,0.254163,0.393608,0.66125
1.16,0.383283,0.628771,0.458352,-0.0792673,-0.461963,-0.26802,0.242213,0.398321,0.6728
1.17,0.378843,0.626846,0.465527,-0.0670992,-0.45867,-0.279388,0.22998,0.402491,0.68445
1.18,0.374418,0.624818,0.472532,-0.0548934,-0.455027,-0.290487,0.21748,0.406111,0.6962
1.19,0.370007,0.622691,0.479367,-0.0426568,-0.451038,-0.301308,0.204727,0.40918,0.70805
1.2,0.365612,0.620464,0.48603,-0.0303964,-0.446707,-0.311839,0.191737,0.411692,0.72
1.21,0.361233,0.618141,0.492521,-0.0181191,-0.442038,-0.322073,0.178526,0.413647,0.73205
1.22,0.35687,0.615723,0.498837,-0.00583173,-0.437036,-0.331999,0.165108,0.415041,0.7442
1.23,0.352525,0.613212,0.504978,0.00645884,-0.431706,-0.34161,0.151501,0.415875,0.75645
1.24,0.348199,0.61061,0.510942,0.0187459,-0.426052,-0.350896,0.137719,0.416148,0.7688
1.25,0.34389,0.607918,0.51673,0.0310227,-0.420081,-0.359851,0.12378,0.415861,0.78125
1.26,0.339601,0.605139,0.522341,0.0432826,-0.413797,-0.368466,0.109699,0.415015,0.7938
1.27,0.335333,0.602274,0.527773,0.0555191,-0.407207,-0.376734,0.0954929,0.413613,0.80645
1.28,0.331084,0.599326,0.533026,0.0677258,-0.400316,-0.384649,0.0811781,0.411656,0.8192
1.29,0.326857,0.596297,0.5381,0.0798961,-0.39313,-0.392203,0.066771,0.40915,0.83205
1.3,0.322652,0.593188,0.542995,0.0920238,-0.385655,-0.399391,0.0522883,0.406099,0.845
1.31,0.318468,0.590001,0.54771,0.104103,-0.377899,-0.406208,0.0377464,0.402507,0.85805
1.32,0.314308,0.586738,0.552245,0.116126,-0.369868,-0.412648,0.0231619,0.39838,0.8712
1.33,0.310171,0.583401,0.5566,0.128089,-0.361568,-0.418705,0.00855133,0.393725,0.88445
1.34,0.306057,0.579993,0.560775,0.139985,-0.353007,-0.424376,-0.00606884,0.388549,0.8978
1.35,0.301969,0.576515,0.564771,0.151808,-0.344191,-0.429657,-0.0206822,0.38286,0.91125
1.36,0.297904,0.572969,0.568587,0.163552,-0.335128,-0.434543,-0.0352725,0.376667,0.9248
1.37,0.293866,0.569357,0.572224,0.175212,-0.325826,-0.439031,-0.0498234,0.369979,0.93845
1.38,0.289853,0.565681,0.575683,0.186783,-0.316292,-0.443119,-0.064319,0.362805,0.9522
1.39,0.285866,0.561943,0.578963,0.198258,-0.306533,-0.446805,-0.0787431,0.355156,0.96605
1.4,0.281906,0.558145,0.582065,0.209633,-0.296558,-0.450085,-0.0930802,0.347042,0.98
1.41,0.277973,0.554289,0.584991,0.220902,-0.286373,-0.452958,-0.107315,0.338477,0.99405
1.42,0.274067,0.550377,0.58774,0.23206,-0.275988,-0.455423,-0.121431,0.329471,1.0082
1.43,0.270189,0.546411,0.590315,0.243103,-0.265411,-0.457478,-0.135413,0.320037,1.02245
1.44,0.26634,0.542392,0.592714,0.254025,-0.254648,-0.459125,-0.149248,0.310189,1.0368
1.45,0.262519,0.538324,0.59494,0.264822,-0.24371,-0.460361,-0.162919,0.29994,1.05125
1.46,0.258727,0.534207,0.596994,0.27549,-0.232603,-0.461188,-0.176413,0.289304,1.0658
1.47,0.254964,0.530043,0.598877,0.286023,-0.221336,-0.461606,-0.189715,0.278295,1.08045
1.48,0.251231,0.525836,0.600589,0.296418,-0.209919,-0.461616,-0.202812,0.26693,1.0952
1.49,0.247528,0.521585,0.602133,0.306671,-0.198358,-0.461219,-0.215689,0.255222,1.11005
1.5,0.243855,0.517294,0.60351,0.316777,-0.186662,-0.460417,-0.228334,0.243189,1.125
1.51,0.240212,0.512964,0.60472,0.326732,-0.174841,-0.459213,-0.240734,0.230845,1.14005
1.52,0.2366,0.508597,0.605766,0.336533,-0.162902,-0.457608,-0.252875,0.218208,1.1552
1.53,0.23302,0.504196,0.606649,0.346177,-0.150855,-0.455605,-0.264746,0.205294,1.17045
1.54,0.22947,0.49976,0.607371,0.355659,-0.138706,-0.453208,-0.276335,0.19212,1.1858
1.55,0.225952,0.495294,0.607933,0.364976,-0.126466,-0.45042,-0.287631,0.178703,1.20125
1.56,0.222466,0.490798,0.608338,0.374126,-0.114142,-0.447245,-0.298621,0.165062,1.2168
1.57,0.219011,0.486274,0.608586,0.383105,-0.101744,-0.443687,-0.309296,0.151213,1.23245
1.58,0.215589,0.481724,0.60868,0.39191,-0.0892789,-0.43975,-0.319645,0.137174,1.2482
1.59,0.212199,0.47715,0.608621,0.400539,-0.0767557,-0.435439,-0.329659,0.122964,1.26405
1.6,0.208841,0.472553,0.608412,0.408988,-0.0641829,-0.430759,-0.339327,0.1086,1.28
1.61,0.205516,0.467936,0.608055,0.417256,-0.0515688,-0.425715,-0.348641,0.0941018,1.29605
1.62,0.202223,0.463299,0.607551,0.42534,-0.0389216,-0.420314,-0.357593,0.0794864,1.3122
1.63,0.198964,0.458645,0.606903,0.433238,-0.0262496,-0.414561,-0.366173,0.0647728,1.32845
1.64,0.195737,0.453975,0.606112,0.440948,-0.0135609,-0.408462,-0.374374,0.0499791,1.3448
1.65,0.192544,0.449291,0.605182,0.448468,-0.000863679,-0.402023,-0.38219,0.035124,1.36125
1.66,0.189383,0.444595,0.604114,0.455796,0.0118341,-0.395252,-0.389613,0.0202257,1.3778
1.67,0.186256,0.439888,0.60291,0.46293,0.0245245,-0.388155,-0.396637,0.00530262,1.39445
1.68,0.183162,0.435171,0.601573,0.46987,0.0371997,-0.380739,-0.403256,-0.00962692,1.4112
1.69,0.180102,0.430447,0.600105,0.476613,0.0498519,-0.373012,-0.409464,-0.0245447,1.42805
1.7,0.177075,0.425717,0.598508,0.483159,0.0624735,-0.364981,-0.415257,-0.0394328,1.445
1.71,0.174081,0.420982,0.596785,0.489506,0.0750569,-0.356654,-0.42063,-0.0542731,1.46205
1.72,0.171121,0.416244,0.594938,0.495654,0.0875947,-0.348039,-0.42558,-0.0690478,1.4792
1.73,0.168195,0.411504,0.59297,0.501601,0.10008,-0.339144,-0.430102,-0.0837395,1.49645
1.74,0.165302,0.406763,0.590882,0.507348,0.112504,-0.329978,-0.434194,-0.0983306,1.5138
1.75,0.162442,0.402024,0.588678,0.512893,0.124862,-0.320548,-0.437853,-0.112804,1.53125
1.76,0.159616,0.397288,0.58636,0.518236,0.137146,-0.310864,-0.441077,-0.127143,1.5488
1.77,0.156824,0.392555,0.583931,0.523376,0.149348,-0.300935,-0.443864,-0.14133,1.56645
1.78,0.154065,0.387827,0.581392,0.528315,0.161463,-0.290769,-0.446213,-0.15535,1.5842
1.79,0.151339,0.383106,0.578747,0.533051,0.173484,-0.280375,-0.448124,-0.169186,1.60205
1.8,0.148647,0.378393,0.575998,0.537584,0.185404,-0.269762,-0.449595,-0.182822,1.62
1.81,0.145988,0.373689,0.573148,0.541916,0.197218,-0.25894,-0.450628,-0.196244,1.63805
1.82,0.143362,0.368995,0.570199,0.546045,0.208918,-0.247919,-0.451223,-0.209435,1.6562
1.83,0.140769,0.364313,0.567153,0.549974,0.2205,-0.236706,-0.45138,-0.222382,1.67445
1.84,0.13821,0.359643,0.564014,0.553701,0.231957,-0.225313,-0.451102,-0.23507,1.6928
1.85,0.135683,0.354987,0.560784,0.557229,0.243284,-0.213748,-0.450391,-0.247484,1.71125
1.86,0.133189,0.350347,0.557465,0.560557,0.254476,-0.202021,-0.449247,-0.259612,1.7298
1.87,0.130729,0.345722,0.554061,0.563687,0.265526,-0.190141,-0.447676,-0.271441,1.74845
1.88,0.1283,0.341114,0.550573,0.566619,0.27643,-0.178119,-0.445679,-0.282957,1.7672
1.89,0.125904,0.336525,0.547005,0.569354,0.287183,-0.165964,-0.44326,-0.294149,1.78605
1.9,0.123541,0.331955,0.543358,0.571895,0.297781,-0.153686,-0.440423,-0.305005,1.805
1.91,0.12121,0.327406,0.539636,0.574242,0.308217,-0.141294,-0.437173,-0.315514,1.82405
1.92,0.118911,0.322877,0.535841,0.576396,0.318489,-0.128798,-0.433514,-0.325664,1.8432
1.93,0.116644,0.318371,0.531976,0.57836,0.328592,-0.116208,-0.429451,-0.335446,1.86245
1.94,0.114408,0.313887,0.528043,0.580134,0.338521,-0.103534,-0.42499,-0.34485,1.8818
1.95,0.112204,0.309428,0.524044,0.58172,0.348273,-0.0907845,-0.420137,-0.353866,1.90125
1.96,0.110032,0.304994,0.519983,0.58312,0.357844,-0.0779697,-0.414897,-0.362487,1.9208
1.97,0.107891,0.300585,0.515862,0.584336,0.367231,-0.0650992,-0.409277,-0.370702,1.94045
1.98,0.105781,0.296202,0.511682,0.58537,0.376429,-0.0521823,-0.403284,-0.378506,1.9602
1.99,0.103702,0.291847,0.507448,0.586223,0.385437,-0.0392284,-0.396925,-0.38589,1.98005
2,0.101654,0.28752,0.503161,0.586898,0.39425,-0.0262469,-0.390207,-0.392848,2
2.01,0.0996359,0.283222,0.498823,0.587398,0.402866,-0.013247,-0.383137,-0.399375,2.02005
2.02,0.0976484,0.278953,0.494438,0.587723,0.411282,-0.000237927,-0.375725,-0.405463,2.0402
2.03,0.0956909,0.274714,0.490007,0.587877,0.419496,0.0127713,-0.367977,-0.411109,2.06045
2.04,0.0937632,0.270507,0.485533,0.587861,0.427505,0.0257718,-0.359903,-0.416308,2.0808
2.05,0.0918652,0.26633,0.481018,0.587679,0.435307,0.0387547,-0.351511,-0.421055,2.10125
2.06,0.0899967,0.262186,0.476465,0.587332,0.442901,0.0517113,-0.342809,-0.425348,2.1218
2.07,0.0881573,0.258074,0.471876,0.586824,0.450284,0.0646329,-0.333807,-0.429183,2.14245
2.08,0.0863469,0.253995,0.467253,0.586156,0.457454,0.0775111,-0.324515,-0.432559,2.1632
2.09,0.0845652,0.24995,0.462599,0.585331,0.464411,0.0903376,-0.314941,-0.435473,2.18405
2.1,0.082812,0.245939,0.457915,0.584352,0.471153,0.103104,-0.305095,-0.437924,2.205
2.11,0.081087,0.241963,0.453205,0.583222,0.477678,0.115803,-0.294987,-0.439911,2.22605
2.12,0.07939,0.238022,0.448469,0.581944,0.483987,0.128426,-0.284626,-0.441434,2.2472
2.13,0.0777208,0.234116,0.443711,0.580519,0.490077,0.140965,-0.274024,-0.442494,2.26845
2.14,0.076079,0.230247,0.438932,0.578952,0.495948,0.153413,-0.26319,-0.443091,2.2898
2.15,0.0744645,0.226414,0.434135,0.577244,0.501601,0.165763,-0.252134,-0.443225,2.31125
2.16,0.072877,0.222617,0.429322,0.5754,0.507033,0.178007,-0.240867,-0.442901,2.3328
2.17,0.0713161,0.218858,0.424494,0.57342,0.512246,0.190139,-0.2294,-0.442118,2.35445
2.18,0.0697818,0.215136,0.419654,0.57131,0.517239,0.20215,-0.217742,-0.44088,2.3762
2.19,0.0682736,0.211452,0.414803,0.569071,0.522013,0.214036,-0.205904,-0.439191,2.39805
2.2,0.0667913,0.207806,0.409944,0.566707,0.526567,0.225788,-0.193898,-0.437053,2.42
2.21,0.0653347,0.204198,0.405078,0.56422,0.530902,0.237402,-0.181733,-0.434472,2.44205
2.22,0.0639034,0.200628,0.400208,0.561614,0.535018,0.24887,-0.169421,-0.431451,2.4642
2.23,0.0624973,0.197097,0.395335,0.558892,0.538917,0.260188,-0.156972,-0.427996,2.48645
2.24,0.0611159,0.193605,0.390461,0.556056,0.542599,0.271348,-0.144397,-0.424111,2.5088
2.25,0.0597592,0.190153,0.385587,0.55311,0.546064,0.282346,-0.131707,-0.419803,2.53125
2.26,0.0584267,0.186739,0.380716,0.550057,0.549315,0.293177,-0.118913,-0.415078,2.5538
2.27,0.0571182,0.183365,0.375849,0.546899,0.552351,0.303835,-0.106024,-0.409943,2.57645
2.28,0.0558334,0.18003,0.370988,0.543641,0.555176,0.314315,-0.0930524,-0.404403,2.5992
2.29,0.0545721,0.176734,0.366134,0.540285,0.557789,0.324613,-0.0800081,-0.398468,2.62205
2.3,0.0533339,0.173479,0.361289,0.536834,0.560193,0.334724,-0.0669017,-0.392143,2.645
2.31,0.0521186,0.170263,0.356454,0.533291,0.562389,0.344644,-0.0537437,-0.385438,2.66805
2.32,0.050926,0.167087,0.351631,0.52966,0.564378,0.354369,-0.0405446,-0.378361,2.6912
2.33,0.0497556,0.163951,0.346822,0.525942,0.566164,0.363894,-0.0273145,-0.370919,2.71445
2.34,0.0486073,0.160854,0.342028,0.522142,0.567748,0.373217,-0.0140637,-0.363123,2.7378
2.35,0.0474807,0.157797,0.33725,0.518263,0.569131,0.382334,-0.000802396,-0.354981,2.76125
2.36,0.0463756,0.154781,0.33249,0.514307,0.570317,0.391242,0.0124596,-0.346502,2.7848
2.37,0.0452917,0.151803,0.327748,0.510277,0.571306,0.399937,0.0257123,-0.337697,2.80845
2.38,0.0442287,0.148866,0.323027,0.506177,0.572103,0.408416,0.038946,-0.328574,2.8322
2.39,0.0431863,0.145968,0.318327,0.502009,0.572709,0.416678,0.0521512,-0.319145,2.85605
2.4,0.0421643,0.14311,0.31365,0.497777,0.573126,0.42472,0.0653184,-0.30942,2.88
2.41,0.0411623,0.140292,0.308997,0.493483,0.573358,0.432539,0.0784383,-0.299409,2.90405
2.42,0.0401801,0.137512,0.304368,0.48913,0.573407,0.440133,0.0915018,-0.289122,2.9282
2.43,0.0392175,0.134772,0.299766,0.484721,0.573276,0.447501,0.1045,-0.278572,2.95245
2.44,0.0382741,0.132072,0.295191,0.480259,0.572967,0.454641,0.117424,-0.267767,2.9768
2.45,0.0373496,0.12941,0.290644,0.475746,0.572483,0.461552,0.130265,-0.256721,3.00125
2.46,0.0364439,0.126787,0.286126,0.471187,0.571828,0.468232,0.143015,-0.245444,3.0258
2.47,0.0355565,0.124203,0.281638,0.466582,0.571005,0.47468,0.155666,-0.233947,3.05045
2.48,0.0346873,0.121657,0.277182,0.461936,0.570016,0.480896,0.16821,-0.222242,3.0752
2.49,0.0338359,0.11915,0.272757,0.45725,0.568864,0.486878,0.180638,-0.21034,3.10005
2.5,0.0330022,0.11668,0.268365,0.452528,0.567553,0.492627,0.192943,-0.198253,3.125
2.51,0.0321857,0.114249,0.264006,0.447772,0.566086,0.498142,0.205119,-0.185992,3.15005
2.52,0.0313863,0.111855,0.259682,0.442984,0.564467,0.503423,0.217156,-0.17357,3.1752
2.53,0.0306038,0.109499,0.255392,0.438168,0.562697,0.50847,0.22905,-0.160998,3.20045
2.54,0.0298377,0.10718,0.251139,0.433325,0.560782,0.513283,0.240792,-0.148287,3.2258
2.55,0.0290879,0.104898,0.246922,0.428459,0.558723,0.517862,0.252377,-0.13545,3.25125
2.56,0.0283541,0.102653,0.242742,0.423571,0.556525,0.522209,0.263797,-0.122497,3.2768
2.57,0.0276361,0.100444,0.2386,0.418665,0.554191,0.526323,0.275048,-0.109441,3.30245
2.58,0.0269336,0.0982717,0.234496,0.413742,0.551724,0.530206,0.286123,-0.0962928,3.3282
2.59,0.0262462,0.0961351,0.230431,0.408804,0.549128,0.533859,0.297016,-0.0830645,3.35405
2.6,0.0255739,0.0940341,0.226405,0.403855,0.546406,0.537282,0.307722,-0.0697673,3.38
2.61,0.0249163,0.0919685,0.222419,0.398896,0.543562,0.540478,0.318237,-0.0564125,3.40605
2.62,0.0242732,0.089938,0.218474,0.39393,0.540598,0.543448,0.328554,-0.0430116,3.4322
2.63,0.0236443,0.0879422,0.214569,0.388958,0.537519,0.546193,0.33867,-0.0295757,3.45845
2.64,0.0230294,0.0859809,0.210705,0.383983,0.534329,0.548714,0.34858,-0.0161159,3.4848
2.65,0.0224283,0.0840537,0.206883,0.379007,0.531029,0.551015,0.35828,-0.00264308,3.51125
2.66,0.0218406,0.0821603,0.203103,0.374031,0.527625,0.553097,0.367765,0.0108318,3.5378
2.67,0.0212663,0.0803004,0.199365,0.369059,0.524119,0.554961,0.377033,0.0242982,3.56445
2.68,0.020705,0.0784737,0.195669,0.364091,0.520515,0.556611,0.386079,0.0377454,3.5912
2.69,0.0201564,0.0766797,0.192016,0.35913,0.516817,0.558048,0.394901,0.0511631,3.61805
2.7,0.0196205,0.0749183,0.188406,0.354177,0.513027,0.559275,0.403495,0.0645411,3.645
2.71,0.0190968,0.073189,0.184839,0.349235,0.50915,0.560294,0.411859,0.0778694,3.67205
2.72,0.0185853,0.0714915,0.181315,0.344305,0.505188,0.561109,0.41999,0.0911381,3.6992
2.73,0.0180857,0.0698254,0.177835,0.339388,0.501146,0.561722,0.427886,0.104338,3.72645
2.74,0.0175978,0.0681904,0.174398,0.334487,0.497025,0.562135,0.435544,0.117458,3.7538
2.75,0.0171213,0.0665862,0.171005,0.329602,0.492831,0.562353,0.442963,0.130491,3.78125
2.76,0.016656,0.0650123,0.167656,0.324737,0.488566,0.562376,0.450142,0.143427,3.8088
2.77,0.0162018,0.0634685,0.164351,0.319891,0.484233,0.56221,0.457078,0.156256,3.83645
2.78,0.0157584,0.0619543,0.16109,0.315067,0.479836,0.561857,0.46377,0.168972,3.8642
2.79,0.0153256,0.0604694,0.157873,0.310265,0.475378,0.561319,0.470218,0.181564,3.89205
2.8,0.0149032,0.0590135,0.1547,0.305488,0.470863,0.560602,0.476421,0.194026,3.92
2.81,0.0144909,0.0575861,0.15157,0.300737,0.466292,0.559707,0.482378,0.206348,3.94805
2.82,0.0140887,0.0561869,0.148485,0.296013,0.46167,0.558638,0.488089,0.218524,3.9762
2.83,0.0136963,0.0548155,0.145443,0.291317,0.457,0.557399,0.493554,0.230546,4.00445
2.84,0.0133134,0.0534716,0.142445,0.28665,0.452284,0.555994,0.498772,0.242407,4.0328
2.85,0.01294,0.0521548,0.139491,0.282014,0.447527,0.554425,0.503744,0.2541,4.06125
2.86,0.0125758,0.0508646,0.13658,0.277409,0.442729,0.552697,0.50847,0.265618,4.0898
2.87,0.0122206,0.0496009,0.133713,0.272837,0.437896,0.550813,0.512952,0.276955,4.11845
2.88,0.0118743,0.0483631,0.130889,0.268299,0.433029,0.548776,0.517189,0.288105,4.1472
2.89,0.0115366,0.0471509,0.128108,0.263796,0.428132,0.546592,0.521182,0.299061,4.17605
2.9,0.0112074,0.0459639,0.125371,0.259328,0.423207,0.544262,0.524934,0.309819,4.205
2.91,0.0108865,0.0448019,0.122675,0.254897,0.418257,0.541792,0.528444,0.320372,4.23405
2.92,0.0105737,0.0436643,0.120023,0.250503,0.413284,0.539184,0.531715,0.330717,4.2632
2.93,0.0102689,0.0425508,0.117413,0.246148,0.408292,0.536443,0.534748,0.340847,4.29245
2.94,0.00997192,0.0414611,0.114844,0.241831,0.403283,0.533572,0.537545,0.350758,4.3218
2.95,0.00968253,0.0403948,0.112318,0.237555,0.39826,0.530576,0.540108,0.360447,4.35125
2.96,0.00940059,0.0393516,0.109833,0.233318,0.393225,0.527458,0.542439,0.369909,4.3808
2.97,0.00912596,0.038331,0.10739,0.229123,0.38818,0.524222,0.54454,0.37914,4.41045
2.98,0.00885846,0.0373327,0.104988,0.22497,0.383129,0.520871,0.546413,0.388136,4.4402
2.99,0.00859794,0.0363564,0.102626,0.220858,0.378073,0.51741,0.548062,0.396895,4.47005
3,0.00834425,0.0354017,0.100305,0.21679,0.373015,0.513843,0.549487,0.405414,4.5
3.01,0.00809724,0.0344682,0.0980236,0.212765,0.367956,0.510172,0.550693,0.41369,4.53005
3.02,0.00785675,0.0335556,0.0957823,0.208784,0.3629,0.506403,0.551682,0.421719,4.5602
3.03,0.00762264,0.0326635,0.0935805,0.204847,0.357848,0.502539,0.552457,0.429501,4.59045
3.04,0.00739477,0.0317917,0.0914177,0.200955,0.352803,0.498583,0.553021,0.437033,4.6208
3.05,0.00717299,0.0309396,0.0892938,0.197108,0.347766,0.494539,0.553378,0.444313,4.65125
3.06,0.00695717,0.0301071,0.0872083,0.193306,0.34274,0.490412,0.553529,0.45134,4.6818
3.07,0.00674717,0.0292937,0.0851608,0.18955,0.337726,0.486204,0.553479,0.458113,4.71245
3.08,0.00654285,0.0284992,0.083151,0.18584,0.332727,0.48192,0.553232,0.464631,4.7432
3.09,0.00634408,0.0277231,0.0811786,0.182176,0.327744,0.477563,0.55279,0.470892,4.77405
3.1,0.00615074,0.0269652,0.079243,0.178558,0.322778,0.473136,0.552157,0.476896,4.805
3.11,0.0059627,0.0262252,0.077344,0.174987,0.317833,0.468644,0.551337,0.482644,4.83605
3.12,0.00577982,0.0255026,0.0754811,0.171463,0.312908,0.464089,0.550334,0.488134,4.8672
3.13,0.005602,0.0247972,0.0736539,0.167986,0.308007,0.459476,0.549151,0.493368,4.89845
3.14,0.0054291,0.0241086,0.0718621,0.164555,0.30313,0.454807,0.547792,0.498344,4.9298
3.15,0.00526101,0.0234366,0.0701052,0.161172,0.29828,0.450087,0.546261,0.503065,4.96125
3.16,0.00509762,0.0227808,0.0683828,0.157836,0.293457,0.445318,0.544561,0.50753,4.9928
3.17,0.0049388,0.0221409,0.0666945,0.154547,0.288662,0.440503,0.542698,0.51174,5.02445
3.18,0.00478446,0.0215167,0.0650399,0.151305,0.283898,0.435647,0.540675,0.515698,5.0562
3.19,0.00463447,0.0209077,0.0634185,0.14811,0.279166,0.430753,0.538495,0.519403,5.08805
3.2,0.00448874,0.0203137,0.0618299,0.144962,0.274466,0.425822,0.536163,0.522858,5.12
3.21,0.00434716,0.0197345,0.0602738,0.141862,0.269801,0.42086,0.533684,0.526063,5.15205
3.22,0.00420962,0.0191696,0.0587496,0.138808,0.26517,0.415868,0.53106,0.529022,5.1842
3.23,0.00407603,0.0186189,0.0572569,0.135801,0.260576,0.41085,0.528297,0.531736,5.21645
3.24,0.00394628,0.018082,0.0557954,0.13284,0.25602,0.405808,0.525398,0.534207,5.2488
3.25,0.00382028,0.0175587,0.0543645,0.129926,0.251501,0.400746,0.522368,0.536437,5.28125
3.26,0.00369793,0.0170487,0.0529639,0.127058,0.247022,0.395667,0.51921,0.53843,5.3138
3.27,0.00357914,0.0165517,0.0515931,0.124236,0.242583,0.390573,0.515929,0.540187,5.34645
3.28,0.00346382,0.0160674,0.0502516,0.12146,0.238185,0.385467,0.51253,0.541711,5.3792
3.29,0.00335188,0.0155955,0.0489391,0.11873,0.233829,0.380351,0.509015,0.543006,5.41205
3.3,0.00324324,0.0151359,0.0476551,0.116045,0.229516,0.375229,0.505389,0.544074,5.445
3.31,0.0031378,0.0146882,0.0463992,0.113406,0.225246,0.370103,0.501657,0.544918,5.47805
3.32,0.00303549,0.0142522,0.0451709,0.110811,0.22102,0.364975,0.497822,0.545542,5.5112
3.33,0.00293622,0.0138276,0.0439698,0.108261,0.216839,0.359848,0.493889,0.545949,5.54445
3.34,0.00283991,0.0134142,0.0427955,0.105755,0.212703,0.354724,0.489862,0.546142,5.5778
3.35,0.00274649,0.0130118,0.0416475,0.103293,0.208613,0.349606,0.485744,0.546125,5.61125
3.36,0.00265587,0.0126201,0.0405254,0.100874,0.204569,0.344495,0.48154,0.545903,5.6448
3.37,0.00256799,0.0122388,0.0394288,0.0984992,0.200572,0.339394,0.477253,0.545477,5.67845
3.38,0.00248276,0.0118677,0.0383573,0.096167,0.196623,0.334306,0.472888,0.544853,5.7122
3.39,0.00240013,0.0115067,0.0373104,0.0938773,0.192721,0.329231,0.468448,0.544034,5.74605
3.4,0.00232001,0.0111554,0.0362878,0.0916298,0.188867,0.324173,0.463938,0.543024,5.78
3.41,0.00224235,0.0108136,0.0352889,0.0894241,0.185061,0.319133,0.459361,0.541828,5.81405
3.42,0.00216706,0.0104812,0.0343135,0.0872597,0.181304,0.314113,0.454721,0.540449,5.8482
3.43,0.0020941,0.010158,0.033361,0.0851364,0.177596,0.309115,0.450022,0.538891,5.88245
3.44,0.00202339,0.00984356,0.0324311,0.0830536,0.173937,0.304141,0.445267,0.537159,5.9168
3.45,0.00195487,0.00953787,0.0315234,0.0810109,0.170328,0.299192,0.44046,0.535256,5.95125
3.46,0.00188848,0.00924068,0.0306374,0.079008,0.166767,0.29427,0.435605,0.533188,5.9858
3.47,0.00182417,0.00895177,0.0297728,0.0770444,0.163257,0.289376,0.430705,0.530959,6.02045
3.48,0.00176186,0.00867095,0.0289291,0.0751195,0.159796,0.284513,0.425764,0.528572,6.0552
3.49,0.00170152,0.00839804,0.028106,0.0732331,0.156384,0.279681,0.420785,0.526033,6.09005
3.5,0.00164308,0.00813283,0.0273031,0.0713846,0.153023,0.274882,0.415771,0.523345,6.125
3.51,0.00158649,0.00787515,0.02652,0.0695736,0.149711,0.270118,0.410726,0.520514,6.16005
3.52,0.00153169,0.00762481,0.0257563,0.0677996,0.146449,0.265389,0.405654,0.517543,6.1952
3.53,0.00147864,0.00738163,0.0250116,0.0660622,0.143236,0.260697,0.400556,0.514437,6.23045
3.54,0.00142728,0.00714543,0.0242856,0.0643608,0.140073,0.256043,0.395437,0.5112,6.2658
3.55,0.00137757,0.00691604,0.0235779,0.062695,0.13696,0.251428,0.390299,0.507837,6.30125
3.56,0.00132946,0.0066933,0.0228881,0.0610644,0.133896,0.246854,0.385146,0.504352,6.3368
3.57,0.0012829,0.00647703,0.0222158,0.0594683,0.130881,0.242321,0.37998,0.50075,6.37245
3.58,0.00123785,0.00626707,0.0215608,0.0579065,0.127915,0.23783,0.374805,0.497035,6.4082
3.59,0.00119426,0.00606327,0.0209227,0.0563783,0.124998,0.233383,0.369623,0.493212,6.44405
3.6,0.00115208,0.00586546,0.020301,0.0548834,0.122129,0.228979,0.364436,0.489284,6.48
3.61,0.00111129,0.00567349,0.0196955,0.0534211,0.119309,0.224621,0.359248,0.485257,6.51605
3.62,0.00107184,0.00548721,0.0191058,0.0519911,0.116537,0.220308,0.354061,0.481134,6.5522
3.63,0.00103368,0.00530648,0.0185316,0.0505928,0.113813,0.216041,0.348878,0.47692,6.58845
3.64,0.000996778,0.00513115,0.0179726,0.0492257,0.111136,0.211821,0.343701,0.472618,6.6248
3.65,0.0009611,0.00496108,0.0174283,0.0478895,0.108506,0.207649,0.338533,0.468235,6.66125
3.66,0.000926606,0.00479613,0.0168986,0.0465835,0.105924,0.203526,0.333376,0.463772,6.6978
3.67,0.00089326,0.00463617,0.0163831,0.0453073,0.103388,0.199451,0.328231,0.459235,6.73445
3.68,0.000861029,0.00448106,0.0158815,0.0440604,0.100898,0.195425,0.323103,0.454628,6.7712
3.69,0.000829877,0.00433067,0.0153934,0.0428423,0.0984541,0.191449,0.317991,0.449955,6.80805
3.7,0.000799773,0.00418488,0.0149185,0.0416526,0.0960555,0.187523,0.312899,0.445219,6.845
3.71,0.000770684,0.00404357,0.0144567,0.0404907,0.093702,0.183647,0.307829,0.440425,6.88205
3.72,0.000742578,0.00390661,0.0140075,0.0393562,0.0913932,0.179823,0.302783,0.435577,6.9192
3.73,0.000715426,0.00377388,0.0135707,0.0382487,0.0891286,0.176049,0.297761,0.430678,6.95645
3.74,0.000689198,0.00364528,0.013146,0.0371675,0.0869077,0.172326,0.292767,0.425732,6.9938
3.75,0.000663865,0.00352067,0.0127331,0.0361124,0.0847302,0.168655,0.287802,0.420743,7.03125
3.76,0.000639399,0.00339997,0.0123317,0.0350827,0.0825956,0.165036,0.282867,0.415715,7.0688
3.77,0.000615773,0.00328305,0.0119417,0.0340781,0.0805035,0.161469,0.277965,0.41065,7.10645
3.78,0.000592961,0.00316981,0.0115626,0.0330981,0.0784533,0.157953,0.273096,0.405554,7.1442
3.79,0.000570937,0.00306015,0.0111942,0.0321422,0.0764445,0.154489,0.268263,0.400428,7.18205
3.8,0.000549675,0.00295396,0.0108364,0.03121,0.0744768,0.151077,0.263466,0.395277,7.22
3.81,0.000529153,0.00285116,0.0104887,0.030301,0.0725496,0.147718,0.258707,0.390104,7.25805
3.82,0.000509346,0.00275164,0.0101511,0.0294147,0.0706625,0.14441,0.253987,0.384912,7.2962
3.83,0.000490232,0.00265531,0.00982319,0.0285508,0.0688148,0.141154,0.249308,0.379705,7.33445
3.84,0.000471787,0.00256208,0.00950478,0.0277088,0.0670062,0.13795,0.24467,0.374484,7.3728
3.85,0.000453991,0.00247186,0.00919563,0.0268883,0.065236,0.134797,0.240075,0.369255,7.41125
3.86,0.000436823,0.00238456,0.00889551,0.0260888,0.0635039,0.131696,0.235523,0.364018,7.4498
3.87,0.000420262,0.0023001,0.0086042,0.0253099,0.0618092,0.128646,0.231017,0.358778,7.48845
3.88,0.000404288,0.00221839,0.00832148,0.0245512,0.0601514,0.125648,0.226556,0.353537,7.5272
3.89,0.000388883,0.00213936,0.00804712,0.0238123,0.0585301,0.1227,0.222141,0.348299,7.56605
3.9,0.000374027,0.00206292,0.00778091,0.0230927,0.0569446,0.119804,0.217774,0.343064,7.605
3.91,0.000359703,0.001989,0.00752266,0.0223921,0.0553945,0.116957,0.213456,0.337837,7.64405
3.92,0.000345893,0.00191753,0.00727214,0.02171,0.0538793,0.114161,0.209185,0.33262,7.6832
3.93,0.000332579,0.00184843,0.00702916,0.0210461,0.0523983,0.111414,0.204965,0.327415,7.72245
3.94,0.000319746,0.00178163,0.00679352,0.0204,0.0509511,0.108717,0.200794,0.322224,7.7618
3.95,0.000307378,0.00171706,0.00656503,0.0197713,0.0495372,0.10607,0.196675,0.31705,7.80125
3.96,0.000295458,0.00165465,0.0063435,0.0191596,0.0481559,0.103471,0.192606,0.311895,7.8408
3.97,0.000283973,0.00159434,0.00612875,0.0185645,0.0468069,0.10092,0.188589,0.306762,7.88045
3.98,0.000272906,0.00153607,0.00592059,0.0179857,0.0454895,0.098418,0.184624,0.301652,7.9202
3.99,0.000262245,0.00147977,0.00571885,0.0174228,0.0442032,0.0959632,0.180712,0.296567,7.96005
4,0.000251975,0.00142538,0.00552336,0.0168754,0.0429475,0.0935556,0.176852,0.29151,8
4.01,0.000242082,0.00137285,0.00533394,0.0163432,0.0417218,0.0911948,0.173045,0.286481,8.04005
4.02,0.000232555,0.00132211,0.00515044,0.0158259,0.0405257,0.0888804,0.169292,0.281484,8.0802
4.03,0.000223381,0.00127311,0.00497268,0.015323,0.0393586,0.0866118,0.165592,0.276519,8.12045
4.04,0.000214547,0.0012258,0.00480051,0.0148343,0.03822,0.0843886,0.161946,0.271589,8.1608
4.05,0.000206042,0.00118012,0.00463378,0.0143595,0.0371094,0.0822103,0.158354,0.266694,8.20125
4.06,0.000197854,0.00113602,0.00447233,0.0138981,0.0360263,0.0800764,0.154815,0.261837,8.2418
4.07,0.000189972,0.00109345,0.00431602,0.0134499,0.0349701,0.0779864,0.15133,0.257019,8.28245
4.08,0.000182387,0.00105237,0.0041647,0.0130146,0.0339404,0.0759398,0.1479,0.252241,8.3232
4.09,0.000175086,0.00101272,0.00401823,0.0125919,0.0329366,0.0739361,0.144523,0.247504,8.36405
4.1,0.000168061,0.000974465,0.00387647,0.0121814,0.0319583,0.0719748,0.1412,0.242811,8.405
4.11,0.000161302,0.000937554,0.00373929,0.0117828,0.031005,0.0700552,0.137931,0.238161,8.44605
4.12,0.000154799,0.000901946,0.00360656,0.0113959,0.0300761,0.068177,0.134716,0.233556,8.4872
4.13,0.000148544,0.000867599,0.00347815,0.0110204,0.0291712,0.0663394,0.131554,0.228997,8.52845
4.14,0.000142527,0.000834471,0.00335393,0.0106559,0.0282898,0.0645421,0.128446,0.224486,8.5698
4.15,0.00013674,0.000802523,0.00323378,0.0103023,0.0274314,0.0627844,0.12539,0.220022,8.61125
4.16,0.000131174,0.000771716,0.00311758,0.00995916,0.0265956,0.0610657,0.122388,0.215607,8.6528
4.17,0.000125823,0.000742014,0.00300523,0.00962632,0.0257819,0.0593856,0.119438,0.211243,8.69445
4.18,0.000120678,0.000713379,0.00289659,0.00930347,0.0249898,0.0577434,0.116541,0.206928,8.7362
4.19,0.000115732,0.000685777,0.00279157,0.00899036,0.0242189,0.0561385,0.113696,0.202665,8.77805
4.2,0.000110978,0.000659173,0.00269005,0.00868675,0.0234687,0.0545705,0.110903,0.198453,8.82
4.21,0.000106408,0.000633534,0.00259194,0.00839238,0.0227388,0.0530387,0.108161,0.194294,8.86205
4.22,0.000102016,0.000608829,0.00249712,0.00810701,0.0220287,0.0515426,0.10547,0.190188,8.9042
4.23,9.77955e-05,0.000585024,0.0024055,0.0078304,0.021338,0.0500815,0.10283,0.186135,8.94645
4.24,9.37403e-05,0.000562092,0.00231698,0.00756233,0.0206663,0.048655,0.10024,0.182136,8.9888
4.25,8.98443e-05,0.000540001,0.00223147,0.00730255,0.0200131,0.0472625,0.0977003,0.178191,9.03125
4.26,8.61016e-05,0.000518723,0.00214888,0.00705086,0.0193781,0.0459033,0.0952099,0.174301,9.0738
4.27,8.25066e-05,0.000498232,0.00206911,0.00680702,0.0187608,0.0445769,0.0927685,0.170466,9.11645
4.28,7.90538e-05,0.000478499,0.00199208,0.00657083,0.0181609,0.0432827,0.0903757,0.166686,9.1592
4.29,7.57379e-05,0.0004595,0.0019177,0.00634208,0.0175778,0.0420203,0.0880309,0.162961,9.20205
4.3,7.25538e-05,0.000441208,0.00184589,0.00612056,0.0170113,0.0407889,0.0857337,0.159291,9.245
4.31,6.94966e-05,0.0004236,0.00177657,0.00590608,0.016461,0.0395881,0.0834836,0.155677,9.28805
4.32,6.65616e-05,0.000406652,0.00170967,0.00569843,0.0159264,0.0384173,0.08128,0.152119,9.3312
4.33,6.37442e-05,0.00039034,0.0016451,0.00549742,0.0154072,0.037276,0.0791225,0.148617,9.37445
4.34,6.10399e-05,0.000374644,0.00158279,0.00530288,0.014903,0.0361635,0.0770104,0.14517,9.4178
4.35,5.84445e-05,0.000359541,0.00152268,0.00511462,0.0144134,0.0350793,0.0749432,0.141779,9.46125
4.36,5.59539e-05,0.00034501,0.00146468,0.00493245,0.0139382,0.034023,0.0729205,0.138443,9.5048
4.37,5.3564e-05,0.000331032,0.00140873,0.0047562,0.0134769,0.0329939,0.0709416,0.135163,9.54845
4.38,5.12711e-05,0.000317587,0.00135477,0.00458571,0.0130293,0.0319915,0.0690059,0.131939,9.5922
4.39,4.90715e-05,0.000304655,0.00130274,0.00442081,0.0125949,0.0310153,0.0671129,0.128769,9.63605
4.4,4.69615e-05,0.00029222,0.00125256,0.00426133,0.0121734,0.0300648,0.065262,0.125655,9.68
4.41,4.49377e-05,0.000280262,0.00120418,0.00410712,0.0117646,0.0291393,0.0634526,0.122595,9.72405
4.42,4.29969e-05,0.000268766,0.00115754,0.00395803,0.011368,0.0282386,0.0616841,0.11959,9.7682
4.43,4.11358e-05,0.000257714,0.00111259,0.00381389,0.0109834,0.0273619,0.0599559,0.11664,9.81245
4.44,3.93513e-05,0.000247091,0.00106926,0.00367457,0.0106105,0.0265088,0.0582675,0.113743,9.8568
4.45,3.76404e-05,0.00023688,0.0010275,0.00353993,0.010249,0.0256788,0.0566182,0.110899,9.90125
4.46,3.60003e-05,0.000227068,0.000987268,0.00340981,0.00989851,0.0248714,0.0550074,0.108109,9.9458
4.47,3.44283e-05,0.00021764,0.000948504,0.00328409,0.00955882,0.0240861,0.0534345,0.105372,9.99045
4.48,3.29216e-05,0.00020858,0.000911161,0.00316264,0.00922963,0.0233225,0.0518989,0.102688,10.0352
4.49,3.14777e-05,0.000199877,0.000875192,0.00304531,0.00891066,0.02258,0.0503999,0.100055,10.0801
4.5,3.00941e-05,0.000191517,0.000840549,0.002932,0.00860163,0.0218582,0.0489371,0.0974742,10.125
4.51,2.87684e-05,0.000183488,0.000807188,0.00282257,0.00830228,0.0211566,0.0475098,0.0949444,10.17
4.52,2.74984e-05,0.000175777,0.000775066,0.00271691,0.00801235,0.0204748,0.0461173,0.0924654,10.2152
4.53,2.62818e-05,0.000168372,0.000744139,0.0026149,0.00773157,0.0198123,0.0447591,0.0900365,10.2604
4.54,2.51166e-05,0.000161262,0.000714368,0.00251642,0.00745971,0.0191687,0.0434346,0.0876573,10.3058
4.55,2.40006e-05,0.000154436,0.000685712,0.00242137,0.0071965,0.0185434,0.0421431,0.0853274,10.3513
4.56,2.29319e-05,0.000147883,0.000658133,0.00232963,0.00694172,0.0179362,0.0408841,0.0830461,10.3968
4.57,2.19086e-05,0.000141594,0.000631594,0.00224111,0.00669512,0.0173465,0.0396569,0.0808129,10.4425
4.58,2.09288e-05,0.000135558,0.000606057,0.0021557,0.00645648,0.016774,0.038461,0.0786272,10.4882
4.59,1.99909e-05,0.000129766,0.00058149,0.00207331,0.00622558,0.0162183,0.0372958,0.0764886,10.534
4.6,1.90931e-05,0.000124208,0.000557856,0.00199383,0.00600219,0.0156788,0.0361607,0.0743964,10.58
4.61,1.82338e-05,0.000118876,0.000535124,0.00191717,0.0057861,0.0151553,0.0350551,0.07235,10.626
4.62,1.74115e-05,0.000113761,0.000513262,0.00184325,0.00557709,0.0146473,0.0339784,0.0703488,10.6722
4.63,1.66245e-05,0.000108854,0.000492239,0.00177197,0.00537497,0.0141545,0.0329301,0.0683922,10.7185
4.64,1.58715e-05,0.000104148,0.000472025,0.00170325,0.00517954,0.0136764,0.0319096,0.0664797,10.7648
4.65,1.51512e-05,9.96355e-05,0.000452592,0.00163701,0.0049906,0.0132128,0.0309162,0.0646106,10.8113
4.66,1.44621e-05,9.53083e-05,0.000433911,0.00157316,0.00480796,0.0127631,0.0299496,0.0627843,10.8578
4.67,1.38029e-05,9.11595e-05,0.000415955,0.00151162,0.00463143,0.0123272,0.029009,0.0610001,10.9044
4.68,1.31725e-05,8.71822e-05,0.000398698,0.00145232,0.00446083,0.0119046,0.028094,0.0592575,10.9512
4.69,1.25696e-05,8.33696e-05,0.000382116,0.00139519,0.00429599,0.0114949,0.027204,0.0575558,10.998
4.7,1.19931e-05,7.97155e-05,0.000366183,0.00134015,0.00413674,0.0110979,0.0263385,0.0558943,11.045
4.71,1.14419e-05,7.62136e-05,0.000350875,0.00128713,0.00398289,0.0107133,0.0254969,0.0542725,11.0921
4.72,1.09149e-05,7.28579e-05,0.000336171,0.00123607,0.0038343,0.0103406,0.0246787,0.0526896,11.1392
4.73,1.04112e-05,6.96426e-05,0.000322048,0.0011869,0.00369081,0.00997951,0.0238835,0.0511452,11.1865
4.74,9.92968e-06,6.65623e-05,0.000308484,0.00113955,0.00355224,0.00962981,0.0231106,0.0496384,11.2338
4.75,9.46952e-06,6.36116e-05,0.000295459,0.00109396,0.00341847,0.00929116,0.0223596,0.0481687,11.2812
4.76,9.02978e-06,6.07854e-05,0.000282953,0.00105007,0.00328932,0.00896326,0.02163,0.0467354,11.3288
4.77,8.6096e-06,5.80786e-05,0.000270947,0.00100783,0.00316468,0.0086458,0.0209213,0.0453379,11.3764
4.78,8.20815e-06,5.54866e-05,0.000259422,0.000967182,0.00304438,0.0083385,0.0202329,0.0439755,11.4242
4.79,7.82464e-06,5.30048e-05,0.00024836,0.000928063,0.0029283,0.00804109,0.0195645,0.0426477,11.4721
4.8,7.4583e-06,5.06286e-05,0.000237744,0.000890423,0.0028163,0.00775328,0.0189156,0.0413538,11.52
4.81,7.10841e-06,4.8354e-05,0.000227556,0.000854212,0.00270826,0.0074748,0.0182856,0.040093,11.5681
4.82,6.77425e-06,4.61767e-05,0.000217782,0.000819379,0.00260405,0.0072054,0.0176742,0.038865,11.6162
4.83,6.45515e-06,4.40929e-05,0.000208404,0.000785877,0.00250354,0.00694481,0.0170809,0.0376689,11.6645
4.84,6.15047e-06,4.20987e-05,0.000199409,0.000753658,0.00240662,0.00669279,0.0165052,0.0365042,11.7128
4.85,5.85958e-06,4.01905e-05,0.000190781,0.000722677,0.00231318,0.00644908,0.0159467,0.0353702,11.7612
4.86,5.58189e-06,3.83648e-05,0.000182506,0.00069289,0.00222309,0.00621345,0.0154051,0.0342664,11.8098
4.87,5.31683e-06,3.66182e-05,0.000174571,0.000664255,0.00213625,0.00598566,0.0148797,0.0331921,11.8585
4.88,5.06386e-06,3.49475e-05,0.000166963,0.000636731,0.00205256,0.00576548,0.0143703,0.0321468,11.9072
4.89,4.82243e-06,3.33495e-05,0.000159669,0.000610277,0.00197191,0.00555269,0.0138765,0.0311298,11.9561
4.9,4.59206e-06,3.18213e-05,0.000152677,0.000584855,0.0018942,0.00534707,0.0133978,0.0301405,12.005
4.91,4.37225e-06,3.036e-05,0.000145976,0.000560428,0.00181933,0.0051484,0.0129338,0.0291784,12.0541
4.92,4.16255e-06,2.89627e-05,0.000139553,0.00053696,0.00174721,0.00495649,0.0124842,0.0282429,12.1032
4.93,3.96251e-06,2.76269e-05,0.000133399,0.000514417,0.00167775,0.00477112,0.0120486,0.0273334,12.1524
4.94,3.77171e-06,2.635e-05,0.000127502,0.000492763,0.00161085,0.0045921,0.0116267,0.0264493,12.2018
4.95,3.58973e-06,2.51294e-05,0.000121852,0.000471967,0.00154644,0.00441924,0.011218,0.02559,12.2513
4.96,3.4162e-06,2.39629e-05,0.00011644,0.000451998,0.00148443,0.00425234,0.0108222,0.0247551,12.3008
4.97,3.25073e-06,2.28482e-05,0.000111257,0.000432824,0.00142473,0.00409123,0.0104389,0.023944,12.3505
4.98,3.09296e-06,2.1783e-05,0.000106292,0.000414416,0.00136727,0.00393572,0.0100679,0.0231561,12.4002
4.99,2.94255e-06,2.07654e-05,0.000101539,0.000396746,0.00131197,0.00378565,0.00970871,0.0223909,12.4501
